Player,Squad,Gls,Sh,SoT,Dist,xG,npxG,90s
Keyliane Abdallah,Marseille,0.0,0.0,0.0,,0.0,0.0,0.0
Himad Abdelli,Angers,6.0,24.0,6.0,24.1,5.6,2.5,27.6
Matthis Abline,Nantes,8.0,66.0,24.0,14.9,7.6,6.8,26.9
Zakaria Aboukhlal,Toulouse,7.0,59.0,24.0,14.5,10.1,8.5,20.5
Tammy Abraham,Roma,0.0,0.0,0.0,,0.0,0.0,0.0
Tammy Abraham,Milan,3.0,25.0,11.0,13.0,7.0,5.3,12.4
Akor Adams,Sevilla,0.0,2.0,1.0,22.2,0.4,0.4,1.5
Akor Adams,Montpellier,3.0,26.0,12.0,13.3,4.3,4.3,11.9
Che Adams,Torino,9.0,49.0,21.0,16.5,6.9,6.1,25.0
Junior Adamu,Freiburg,2.0,29.0,11.0,12.2,4.7,4.7,13.9
Karim Adeyemi,Dortmund,4.0,41.0,14.0,18.0,4.3,4.3,13.8
Simon Adingra,Brighton,2.0,24.0,7.0,16.1,2.2,2.2,9.2
Amine Adli,Leverkusen,2.0,17.0,5.0,13.9,2.3,2.3,6.7
Vasilije Adžić,Juventus,0.0,1.0,1.0,29.1,0.0,0.0,0.3
Oladapo Afolayan,St. Pauli,3.0,34.0,12.0,20.3,2.9,2.9,16.6
Jeremy Agbonifo,Lens,1.0,6.0,4.0,14.1,0.7,0.7,2.8
Naouirou Ahamada,Rennes,0.0,1.0,0.0,28.2,0.0,0.0,0.6
Erik Ahlstrand,St. Pauli,0.0,0.0,0.0,,0.0,0.0,0.5
Ayman Aiki,Saint-Étienne,0.0,3.0,1.0,23.5,0.1,0.1,1.4
Junior Ajayi,Hellas Verona,0.0,0.0,0.0,,0.0,0.0,0.1
Ludovic Ajorque,Brest,12.0,42.0,21.0,11.7,8.8,8.0,24.0
Ilias Akhomach,Villarreal,1.0,17.0,6.0,23.3,0.6,0.6,6.5
Maghnes Akliouche,Monaco,4.0,54.0,15.0,16.2,7.9,7.1,23.7
David Akpan Ankeye,Genoa,0.0,0.0,0.0,,0.0,0.0,0.5
Chuba Akpom,Lille,2.0,13.0,9.0,12.8,3.0,2.2,5.0
Andreas Albers,St. Pauli,1.0,3.0,1.0,11.9,0.6,0.6,0.7
Carlos Alcaraz,Everton,1.0,18.0,6.0,20.4,1.3,1.3,5.0
Carles Aleñá,Getafe,0.0,5.0,1.0,13.7,0.9,0.9,5.0
Carles Aleñá,Alavés,0.0,9.0,2.0,20.1,0.5,0.5,7.5
Alfon,Celta Vigo,4.0,42.0,16.0,17.2,3.9,3.9,12.7
Mohamed Ali Cho,Nice,3.0,35.0,15.0,17.4,4.0,4.0,17.8
Faride Alidou,Hellas Verona,0.0,1.0,0.0,32.2,0.0,0.0,0.8
Tadeo Allende,Celta Vigo,0.0,0.0,0.0,,0.0,0.0,0.0
Jim Allevinah,Angers,0.0,33.0,8.0,14.4,3.7,3.7,17.2
Thiago Almada,Lyon,1.0,18.0,4.0,20.7,1.8,1.8,6.7
Domingos André Ribeiro Almeida,Valencia,0.0,15.0,4.0,23.1,0.7,0.7,19.3
Iker Almena,Girona,0.0,1.0,0.0,24.7,0.0,0.0,0.5
Miguel Almirón,Newcastle Utd,0.0,6.0,2.0,14.2,0.5,0.5,1.7
Pontus Almqvist,Parma,1.0,26.0,9.0,17.4,2.1,2.1,12.4
Adrià Altimira,Leganés,0.0,6.0,2.0,22.8,0.3,0.3,14.1
Julián Álvarez,Atlético Madrid,15.0,62.0,30.0,18.6,12.3,9.1,24.2
Will Alves,Leicester City,0.0,0.0,0.0,,0.0,0.0,0.0
Amath,Valladolid,0.0,5.0,1.0,13.7,0.4,0.4,3.6
Samuel Amo-Ameyaw,Southampton,0.0,1.0,0.0,20.7,0.0,0.0,0.3
Samuel Amo-Ameyaw,Strasbourg,2.0,7.0,5.0,16.6,0.6,0.6,2.2
Mohamed Amoura,Wolfsburg,10.0,65.0,24.0,16.3,8.4,6.8,24.6
Marcos André,Valladolid,1.0,22.0,2.0,14.0,2.7,2.7,13.1
Lorenzo Anghelè,Juventus,0.0,0.0,0.0,,0.0,0.0,0.1
Leandro Antonetti,Sevilla,0.0,0.0,0.0,,0.0,0.0,0.1
Michail Antonio,West Ham,1.0,19.0,4.0,12.6,2.2,2.2,9.3
Antoniu,Espanyol,0.0,10.0,4.0,19.7,0.9,0.9,8.2
Antony,Betis,3.0,31.0,9.0,18.8,2.4,2.4,11.2
Anuar,Valladolid,2.0,9.0,4.0,13.6,1.5,1.5,15.9
Cameron Archer,Southampton,2.0,27.0,9.0,13.1,5.1,4.3,14.8
Adu Ares,Athletic Club,0.0,0.0,0.0,,0.0,0.0,0.2
Adam Armstrong,Southampton,2.0,25.0,7.0,16.6,3.3,2.3,13.9
José Arnaiz,Osasuna,0.0,5.0,2.0,21.8,0.3,0.3,1.4
Hákon Arnar Haraldsson,Lille,4.0,30.0,11.0,17.3,3.3,3.3,16.2
Marko Arnautović,Inter,4.0,9.0,6.0,8.6,2.6,2.6,4.0
Jann-Fiete Arp,Holstein Kiel,2.0,20.0,9.0,21.3,3.8,2.2,7.7
Arthur,Leverkusen,0.0,0.0,0.0,,0.0,0.0,6.2
Takuma Asano,Mallorca,2.0,24.0,7.0,13.5,2.3,2.3,10.6
Marco Asensio,Aston Villa,3.0,17.0,8.0,18.9,4.2,2.6,5.3
Marco Asensio,Paris S-G,2.0,26.0,14.0,14.5,5.6,5.6,6.9
Iago Aspas,Celta Vigo,9.0,41.0,16.0,22.3,8.4,3.6,17.5
Yaser Asprilla,Girona,3.0,34.0,9.0,23.1,1.7,1.7,12.5
Dehmaine Assoumani,Nantes,0.0,3.0,2.0,26.1,0.1,0.1,0.9
Arthur Atta,Udinese,0.0,21.0,7.0,19.9,1.1,1.1,10.3
Tommaso Augello,Cagliari,0.0,7.0,0.0,21.8,0.3,0.3,25.5
Ezequiel Ávila,Betis,2.0,20.0,10.0,17.9,1.5,1.5,7.5
Taiwo Awoniyi,Nott'ham Forest,1.0,10.0,4.0,12.6,2.1,2.1,4.2
Florian Ayé,Auxerre,2.0,10.0,3.0,14.2,1.7,1.7,5.7
André Ayew,Le Havre,4.0,19.0,7.0,10.8,4.2,4.2,13.7
Jordan Ayew,Crystal Palace,0.0,1.0,0.0,5.5,0.5,0.5,0.2
Jordan Ayew,Leicester City,4.0,25.0,7.0,18.4,2.8,2.0,14.6
Shavy Babicka,Toulouse,4.0,19.0,9.0,14.8,3.4,3.4,13.0
Aliou Badara Baldé,Bochum,0.0,4.0,1.0,26.5,0.2,0.2,1.0
Leon Bailey,Aston Villa,1.0,28.0,6.0,17.3,1.7,1.7,12.6
Theo Bair,Auxerre,2.0,23.0,12.0,13.3,2.7,2.7,10.2
Cédric Bakambu,Betis,2.0,22.0,10.0,13.5,3.0,3.0,6.8
Mitchel Bakker,Lille,3.0,22.0,10.0,18.5,2.9,2.9,11.9
Ridle Baku,Wolfsburg,2.0,18.0,6.0,19.9,1.5,1.5,13.0
Dilane Bakwa,Strasbourg,4.0,45.0,20.0,21.4,4.3,4.3,24.1
Tommaso Baldanzi,Roma,1.0,18.0,3.0,18.5,1.4,1.4,8.4
Keita Baldé,Monza,1.0,10.0,2.0,17.2,0.5,0.5,5.2
Folarin Balogun,Monaco,3.0,27.0,8.0,12.3,4.2,4.2,5.8
Mario Balotelli,Genoa,0.0,2.0,0.0,30.5,0.0,0.0,0.7
Jonathan Bamba,Celta Vigo,0.0,13.0,6.0,18.4,0.8,0.8,9.0
Samuel Bamba,Bochum,0.0,2.0,1.0,22.0,0.1,0.1,0.3
Lameck Banda,Lecce,0.0,15.0,4.0,20.2,0.9,0.9,6.4
Scott Banks,St. Pauli,0.0,3.0,0.0,11.5,0.3,0.3,1.1
Adrian Baquerin,Valladolid,0.0,0.0,0.0,,0.0,0.0,0.1
Valentín Barco,Sevilla,0.0,7.0,0.0,27.8,0.3,0.3,3.2
Bradley Barcola,Paris S-G,13.0,69.0,34.0,13.2,12.7,12.7,21.5
Kike Barja,Osasuna,0.0,4.0,1.0,18.8,0.2,0.2,2.9
Harvey Barnes,Newcastle Utd,9.0,48.0,16.0,14.1,6.2,6.2,14.9
Ander Barrenetxea,Real Sociedad,1.0,21.0,7.0,15.2,1.5,1.5,11.9
Thierno Barry,Villarreal,10.0,67.0,22.0,11.8,11.9,11.2,22.5
Michy Batshuayi,Eint Frankfurt,2.0,3.0,2.0,9.2,0.8,0.8,2.8
Christoph Baumgartner,RB Leipzig,2.0,37.0,14.0,14.3,4.2,4.2,16.3
Adrian Beck,Heidenheim,2.0,31.0,8.0,18.0,2.5,2.5,14.4
Sheraldo Becker,Real Sociedad,2.0,22.0,13.0,19.1,2.0,2.0,11.0
Kevin Behrens,Wolfsburg,1.0,8.0,3.0,10.6,2.3,2.3,1.7
Maximilian Beier,Dortmund,8.0,42.0,13.0,12.6,7.7,7.7,17.7
Jean-Ricner Bellegarde,Wolves,2.0,20.0,5.0,21.7,1.3,1.3,16.4
Andrea Belotti,Como,2.0,19.0,3.0,12.7,2.5,2.5,6.6
Lucas Beltrán,Fiorentina,5.0,23.0,6.0,16.2,5.2,2.9,18.8
Eliesse Ben Seghir,Monaco,6.0,56.0,19.0,21.0,5.4,3.9,17.8
Adrian Benedyczak,Parma,0.0,3.0,0.0,18.4,0.3,0.3,2.2
László Bénes,Union Berlin,1.0,15.0,6.0,22.6,0.8,0.8,5.6
Iker Benito,Osasuna,0.0,0.0,0.0,,0.0,0.0,0.4
Saïd Benrahma,Lyon,1.0,17.0,4.0,20.2,2.0,2.0,8.2
Nabil Bentaleb,Lille,1.0,2.0,1.0,13.2,0.6,0.6,1.8
Álex Berenguer,Athletic Club,5.0,47.0,16.0,18.3,6.6,5.8,22.0
Mergim Berisha,Hoffenheim,1.0,11.0,3.0,16.0,1.0,1.0,3.7
Mergim Berisha,Augsburg,0.0,3.0,1.0,15.9,0.2,0.2,0.4
Alexander Bernhardsson,Holstein Kiel,4.0,18.0,7.0,18.4,1.7,1.7,10.6
Jan-Niklas Beste,Freiburg,0.0,5.0,2.0,16.9,0.9,0.9,2.0
Beto,Everton,6.0,34.0,17.0,13.4,6.1,6.1,12.5
Mika Biereth,Monaco,12.0,37.0,19.0,11.9,10.0,8.4,11.7
El Bilal Touré,Stuttgart,2.0,14.0,4.0,15.2,1.6,1.6,4.0
Tom Bischof,Hoffenheim,5.0,44.0,15.0,23.3,1.8,1.8,25.7
Ludovic Blas,Rennes,6.0,50.0,24.0,16.7,4.7,4.7,22.2
Myron Boadu,Bochum,7.0,20.0,9.0,11.9,5.6,4.8,7.8
Augustine Boakye,Saint-Étienne,3.0,24.0,9.0,20.8,1.8,1.8,8.1
Oscar Bobb,Manchester City,0.0,0.0,0.0,,0.0,0.0,0.2
Jeremie Boga,Nice,1.0,28.0,14.0,16.9,2.3,2.3,11.3
Victor Boniface,Leverkusen,8.0,50.0,17.0,14.5,7.8,7.1,11.2
Ange-Yoan Bonny,Parma,6.0,55.0,15.0,16.4,9.0,6.7,23.8
Saïmon Bouabré,Monaco,0.0,0.0,0.0,,0.0,0.0,0.8
Badredine Bouanani,Nice,2.0,25.0,11.0,20.3,1.5,1.5,8.8
Edoardo Bove,Fiorentina,1.0,7.0,2.0,14.6,0.6,0.6,9.5
Jarrod Bowen,West Ham,9.0,73.0,30.0,17.7,7.4,6.6,28.2
Iker Bravo,Udinese,2.0,12.0,3.0,16.8,0.9,0.9,6.9
Brenner,Udinese,1.0,7.0,4.0,19.8,0.6,0.6,4.3
Ben Brereton,Southampton,0.0,11.0,1.0,17.3,0.9,0.9,5.0
Maximilian Breunig,Heidenheim,2.0,10.0,2.0,15.2,3.4,2.7,3.9
Nathan Broadhead,Ipswich Town,1.0,10.0,6.0,15.4,1.5,1.5,6.7
Armando Broja,Everton,0.0,4.0,0.0,17.3,0.1,0.1,3.7
David Brooks,Bournemouth,2.0,22.0,10.0,16.8,2.2,2.2,9.1
Moritz Broschinski,Bochum,1.0,36.0,11.0,17.2,4.1,4.1,14.5
Jacob Bruun Larsen,Hoffenheim,2.0,14.0,6.0,15.2,2.3,2.3,4.4
Jacob Bruun Larsen,Stuttgart,1.0,3.0,2.0,19.5,0.3,0.3,4.2
Tajon Buchanan,Inter,0.0,0.0,0.0,,0.0,0.0,1.1
Ante Budimir,Osasuna,18.0,74.0,21.0,13.6,16.4,10.3,28.3
Emi Buendía,Aston Villa,0.0,5.0,0.0,19.1,0.7,0.7,1.1
Emi Buendía,Leverkusen,1.0,5.0,3.0,16.6,0.8,0.8,1.5
Manu Bueno,Sevilla,1.0,4.0,1.0,26.8,0.1,0.1,1.3
Endika Buján,Athletic Club,0.0,0.0,0.0,,0.0,0.0,0.1
Marius Bülter,Hoffenheim,5.0,29.0,13.0,15.7,3.1,3.1,15.9
Facundo Buonanotte,Leicester City,4.0,33.0,10.0,17.9,3.7,3.7,15.9
Jonathan Burkardt,Mainz 05,15.0,55.0,23.0,13.4,12.5,11.7,19.5
Oliver Burke,Werder Bremen,5.0,27.0,9.0,13.3,3.5,3.5,8.0
Rareș-Cătălin Burnete,Lecce,0.0,1.0,0.0,16.0,0.1,0.1,0.2
Wes Burns,Ipswich Town,0.0,7.0,1.0,18.3,0.5,0.5,10.3
Nathan Butler-Oyedeji,Arsenal,0.0,1.0,1.0,15.6,0.1,0.1,0.1
Pau Cabanes,Villarreal,1.0,4.0,2.0,14.2,0.5,0.5,1.8
Pau Cabanes,Alavés,0.0,2.0,1.0,26.6,0.0,0.0,2.0
Rémy Cabella,Lille,0.0,25.0,6.0,15.6,2.7,2.7,10.0
Mathieu Cafaro,Saint-Étienne,1.0,23.0,10.0,20.3,1.5,1.5,8.1
Dominic Calvert-Lewin,Everton,3.0,46.0,17.0,12.3,6.1,6.1,17.5
Drissa Camara,Parma,0.0,15.0,5.0,19.8,1.2,1.2,4.4
Mahdi Camara,Brest,5.0,46.0,19.0,16.6,3.8,3.8,25.7
Francesco Camarda,Milan,0.0,5.0,1.0,13.8,0.4,0.4,1.8
Nicolò Cambiaghi,Bologna,1.0,9.0,2.0,17.2,0.4,0.4,4.2
Andrea Cambiaso,Juventus,2.0,14.0,5.0,23.0,0.6,0.6,21.7
Axel Camblan,Brest,0.0,1.0,0.0,16.0,0.0,0.0,0.3
Sergio Camello,Rayo Vallecano,3.0,32.0,9.0,16.3,4.1,4.1,12.6
Thomas Campaniello,Empoli,0.0,1.0,0.0,10.8,0.5,0.5,0.3
Cole Campbell,Dortmund,0.0,0.0,0.0,,0.0,0.0,0.2
Peio Canales,Athletic Club,0.0,3.0,0.0,21.5,0.2,0.2,2.1
Matteo Cancellieri,Parma,3.0,22.0,7.0,17.6,2.7,2.7,15.8
Sergi Canós,Valencia,0.0,10.0,3.0,19.0,0.5,0.5,4.0
Gianluca Caprari,Monza,2.0,20.0,6.0,23.1,2.8,1.2,14.1
Gabin Capuano,Lens,0.0,0.0,0.0,,0.0,0.0,0.1
Francesco Caputo,Empoli,0.0,0.0,0.0,,0.0,0.0,0.1
Simon Cara,Montpellier,0.0,0.0,0.0,,0.0,0.0,0.1
Valentin Carboni,Marseille,0.0,2.0,1.0,21.4,0.0,0.0,1.1
Irvin Cardona,Espanyol,1.0,10.0,3.0,17.3,1.1,1.1,6.7
Irvin Cardona,Saint-Étienne,4.0,12.0,7.0,16.4,2.6,1.8,7.6
Marc Cardona,Las Palmas,0.0,4.0,0.0,15.0,0.4,0.4,1.2
Fabio Carvalho,Brentford,2.0,12.0,5.0,14.7,2.5,2.5,5.1
Cesare Casadei,Torino,1.0,10.0,5.0,12.3,0.8,0.8,7.8
Josué Casimir,Le Havre,3.0,24.0,8.0,16.0,2.7,2.7,18.2
Federico Cassa,Atalanta,0.0,0.0,0.0,,0.0,0.0,0.2
Valentín Castellanos,Lazio,10.0,88.0,31.0,16.9,12.4,10.2,21.5
Santiago Castro,Bologna,8.0,56.0,20.0,15.6,7.0,6.2,23.8
Gaetano Castrovilli,Lazio,0.0,2.0,0.0,19.0,0.1,0.1,1.6
Abdoulie Ceesay,St. Pauli,0.0,0.0,0.0,,0.0,0.0,0.7
Alberto Cerri,Como,0.0,4.0,1.0,11.2,1.0,1.0,1.0
Franco Cervi,Celta Vigo,0.0,0.0,0.0,,0.0,0.0,2.9
Fares Chaïbi,Eint Frankfurt,1.0,23.0,6.0,18.3,2.4,2.4,10.0
Conor Chaplin,Ipswich Town,1.0,12.0,3.0,18.3,1.2,1.2,6.9
Gabriel Charpentier,Parma,1.0,9.0,4.0,17.6,1.3,1.3,3.0
Pep Chavarría,Rayo Vallecano,0.0,8.0,1.0,15.4,1.1,1.1,24.4
Walid Cheddira,Napoli,0.0,0.0,0.0,,0.0,0.0,0.1
Walid Cheddira,Espanyol,1.0,10.0,3.0,12.9,0.9,0.9,6.8
Sidiki Cherif,Angers,0.0,5.0,2.0,23.4,0.7,0.7,3.6
Rayan Cherki,Lyon,8.0,35.0,15.0,16.5,4.6,4.6,19.5
Youssef Chermiti,Everton,0.0,2.0,1.0,12.7,0.1,0.1,0.2
Federico Chiesa,Liverpool,0.0,4.0,2.0,20.1,0.2,0.2,0.4
Chiquinho,Mallorca,0.0,4.0,2.0,15.4,0.3,0.3,1.6
Samuel Chukwueze,Milan,3.0,31.0,8.0,19.7,2.5,2.5,9.5
Alphadjo Cissè,Hellas Verona,0.0,2.0,2.0,26.5,0.0,0.0,0.1
Jack Clarke,Ipswich Town,0.0,14.0,2.0,19.4,1.0,1.0,11.0
Alexis Claude-Maurice,Augsburg,9.0,45.0,19.0,20.3,3.8,3.8,20.1
Lorenzo Colombo,Empoli,5.0,51.0,17.0,18.1,5.7,4.9,23.1
Andrea Colpani,Fiorentina,2.0,36.0,12.0,18.5,2.7,2.7,15.7
Florinel Coman,Cagliari,1.0,4.0,1.0,19.9,0.2,0.2,2.8
Kingsley Coman,Bayern Munich,5.0,39.0,16.0,16.6,3.8,3.8,12.3
Francisco Conceição,Juventus,3.0,33.0,12.0,17.9,1.8,1.8,12.4
Tomás Conechny,Alavés,1.0,21.0,9.0,17.9,2.4,2.4,8.8
Sirlord Conteh,Heidenheim,1.0,13.0,5.0,15.0,2.1,2.1,9.1
Francis Coquelin,Nantes,0.0,2.0,0.0,13.6,0.5,0.5,0.7
Maxwel Cornet,Southampton,0.0,1.0,0.0,18.8,0.2,0.2,0.8
Maxwel Cornet,Genoa,2.0,5.0,3.0,12.3,1.0,1.0,2.6
Ángel Correa,Atlético Madrid,3.0,30.0,12.0,13.6,4.2,4.2,7.9
Joaquín Correa,Inter,1.0,7.0,2.0,13.8,0.9,0.9,4.6
Coba da Costa,Getafe,1.0,20.0,7.0,17.8,1.1,1.1,9.9
David Costa,Lens,0.0,9.0,2.0,18.0,1.2,1.2,3.9
Lasso Coulibaly,Auxerre,1.0,2.0,1.0,11.8,0.2,0.2,0.4
Tanguy Coulibaly,Montpellier,2.0,23.0,10.0,16.4,2.7,2.7,11.8
Yan Couto,Dortmund,0.0,6.0,2.0,21.3,0.3,0.3,9.7
Juan Cruz,Leganés,4.0,30.0,12.0,21.5,1.7,1.7,22.4
Cucho,Betis,3.0,29.0,7.0,16.0,2.9,2.9,8.8
Matheus Cunha,Wolves,14.0,89.0,37.0,20.7,7.3,7.3,25.0
Patrick Cutrone,Como,6.0,58.0,22.0,15.8,6.0,5.2,20.3
Tomáš Čvančara,Gladbach,1.0,20.0,7.0,14.4,3.0,3.0,7.6
Patson Daka,Leicester City,1.0,15.0,4.0,14.8,1.3,1.3,7.2
Thijs Dallinga,Bologna,2.0,27.0,8.0,11.4,3.7,3.7,9.7
Mikkel Damsgaard,Brentford,2.0,31.0,7.0,17.1,2.6,2.6,27.7
Maat Daniel Caprini,Fiorentina,0.0,0.0,0.0,,0.0,0.0,0.1
Danilo,Nott'ham Forest,0.0,0.0,0.0,,0.0,0.0,3.0
Arnaut Danjuma,Villarreal,2.0,6.0,3.0,13.9,0.8,0.8,2.2
Arnaut Danjuma,Girona,2.0,30.0,14.0,16.0,3.6,3.6,14.6
Pape Daouda Diongue,Strasbourg,1.0,5.0,2.0,11.5,1.0,1.0,0.9
Mohamed Daramy,Reims,0.0,1.0,0.0,16.7,0.0,0.0,0.2
Sergi Darder,Mallorca,1.0,30.0,7.0,24.0,1.8,1.8,25.7
Lukas Daschner,Bochum,1.0,8.0,4.0,15.8,2.7,1.9,4.6
Jonathan David,Lille,16.0,56.0,25.0,15.4,15.4,9.8,24.6
Keinan Davis,Udinese,2.0,17.0,8.0,10.7,2.0,2.0,8.2
Zuriko Davitashvili,Saint-Étienne,7.0,58.0,21.0,19.9,7.1,5.5,25.9
Kevin De Bruyne,Manchester City,3.0,48.0,13.0,21.9,3.4,3.4,16.2
Bobby De Cordova-Reid,Leicester City,1.0,6.0,3.0,26.4,0.8,0.8,7.8
Charles De Ketelaere,Atalanta,5.0,42.0,17.0,12.3,5.1,5.1,20.1
Romain Del Castillo,Brest,5.0,14.0,7.0,20.1,4.6,1.4,12.0
Liam Delap,Ipswich Town,12.0,59.0,27.0,15.8,9.0,7.4,26.2
Fisayo Dele-Bashiru,Lazio,3.0,15.0,4.0,21.2,1.0,1.0,9.9
Andy Delort,Montpellier,0.0,16.0,6.0,15.7,1.3,1.3,5.7
Ousmane Dembélé,Paris S-G,21.0,84.0,44.0,15.9,15.0,14.2,17.7
Ermedin Demirović,Stuttgart,13.0,53.0,23.0,11.9,11.6,9.9,19.0
Kiernan Dewsbury-Hall,Chelsea,0.0,1.0,0.0,7.8,0.2,0.2,2.9
Boulaye Dia,Lazio,8.0,31.0,17.0,13.2,5.6,5.6,20.5
Mamadou Diakhon,Reims,2.0,15.0,7.0,19.1,0.9,0.9,8.2
Oumar Diakité,Reims,4.0,26.0,9.0,12.1,5.5,4.7,17.8
Amad Diallo,Manchester Utd,6.0,40.0,13.0,17.7,4.1,4.1,17.7
Assane Diao,Como,8.0,28.0,13.0,15.5,4.0,4.0,13.9
Assane Diao,Betis,1.0,7.0,1.0,14.4,0.8,0.8,3.1
Habib Diarra,Strasbourg,4.0,23.0,10.0,20.4,3.0,1.4,23.6
Kandet Diawara,Le Havre,0.0,0.0,0.0,,0.0,0.0,0.0
Brahim Díaz,Real Madrid,4.0,26.0,14.0,12.5,4.9,4.9,14.2
Luis Díaz,Liverpool,11.0,64.0,26.0,13.7,9.2,9.2,23.9
Tyler Dibling,Southampton,2.0,28.0,9.0,19.3,2.5,2.5,18.7
Diego,Leganés,3.0,23.0,8.0,12.8,3.5,3.5,10.2
Justin Diehl,Stuttgart,1.0,7.0,1.0,15.8,1.0,1.0,1.2
Bamba Dieng,Angers,3.0,13.0,6.0,18.5,3.1,2.3,5.9
Federico Dimarco,Inter,4.0,50.0,18.0,20.5,2.8,2.8,21.4
Junior Dina Ebimbe,Eint Frankfurt,0.0,8.0,0.0,16.5,0.9,0.9,3.3
Eren Dinkçi,Freiburg,0.0,14.0,3.0,19.0,1.1,1.1,13.3
Yan Diomandé,Leganés,0.0,3.0,1.0,16.7,0.2,0.2,2.3
Lois Diony,Angers,0.0,0.0,0.0,,0.0,0.0,0.2
Sérigné Diop,Brest,0.0,0.0,0.0,,0.0,0.0,0.0
Sofiane Diop,Nice,6.0,22.0,11.0,16.4,6.0,6.0,10.8
Álvaro djaló,Athletic Club,1.0,14.0,3.0,19.1,0.8,0.8,6.4
Nasser Djiga,Wolves,0.0,0.0,0.0,,0.0,0.0,0.2
Ritsu Doan,Freiburg,9.0,56.0,19.0,17.1,6.1,6.1,28.0
Jeremy Doku,Manchester City,3.0,24.0,9.0,18.2,1.0,1.0,14.5
Marc Domenech,Mallorca,0.0,5.0,1.0,18.3,0.2,0.2,2.1
Benjamín Domínguez,Bologna,3.0,28.0,16.0,18.7,2.2,2.2,12.1
Israel Domínguez,Sevilla,0.0,0.0,0.0,,0.0,0.0,0.2
Nicolás Domínguez,Nott'ham Forest,0.0,18.0,7.0,19.0,1.4,1.4,18.0
Patrick Dorgu,Lecce,3.0,36.0,10.0,19.0,3.3,3.3,20.4
Désiré Doué,Paris S-G,6.0,52.0,20.0,17.9,4.8,4.8,17.1
Kamory Doumbia,Brest,2.0,19.0,9.0,17.4,2.3,2.3,12.1
Anastasios Douvikas,Como,2.0,9.0,4.0,13.0,2.0,2.0,4.1
Anastasios Douvikas,Celta Vigo,3.0,17.0,9.0,11.1,4.4,4.4,7.8
Artem Dovbyk,Roma,11.0,58.0,23.0,14.0,11.4,9.8,24.1
Marvin Ducksch,Werder Bremen,7.0,61.0,23.0,17.7,9.0,7.5,23.2
Duk,Leganés,0.0,1.0,1.0,30.3,0.0,0.0,0.9
Denzel Dumfries,Inter,6.0,33.0,17.0,10.5,5.1,5.1,19.6
Jáder Durán,Aston Villa,7.0,31.0,15.0,15.6,4.9,4.9,7.1
Pablo Durán,Celta Vigo,4.0,19.0,7.0,14.8,3.0,3.0,12.8
Julien Duranville,Dortmund,0.0,3.0,1.0,20.5,0.1,0.1,2.9
Hugo Duro,Valencia,8.0,44.0,14.0,11.0,7.4,7.4,21.0
Paulo Dybala,Roma,6.0,47.0,15.0,21.1,6.4,4.0,15.7
Noah Edjouma,Toulouse,2.0,5.0,3.0,10.2,1.3,1.3,1.5
Odsonne Édouard,Crystal Palace,0.0,5.0,1.0,20.9,0.4,0.4,1.3
Odsonne Édouard,Leicester City,0.0,0.0,0.0,,0.0,0.0,0.3
Samuel Edozie,Southampton,0.0,0.0,0.0,,0.0,0.0,0.7
Johannes Eggestein,St. Pauli,3.0,34.0,10.0,15.7,4.7,3.1,20.3
Chidera Ejuke,Sevilla,2.0,20.0,8.0,18.3,1.1,1.1,10.5
Jeff Ekhator,Genoa,1.0,10.0,3.0,15.6,1.3,1.3,7.4
Hugo Ekitike,Eint Frankfurt,14.0,101.0,38.0,15.3,20.0,17.7,24.6
Emmanuel Ekong,Empoli,0.0,4.0,1.0,24.6,0.1,0.1,2.1
Caleb Ekuban,Genoa,1.0,18.0,6.0,13.0,2.8,2.8,5.7
Anthony Elanga,Nott'ham Forest,6.0,35.0,16.0,16.8,3.9,3.9,22.8
Meschak Elia,Nantes,1.0,5.0,1.0,16.0,1.1,1.1,1.7
Harvey Elliott,Liverpool,0.0,10.0,2.0,16.8,0.5,0.5,2.0
Elif Elmas,Torino,4.0,13.0,7.0,19.4,1.1,1.1,7.5
Adri Embarba,Rayo Vallecano,1.0,32.0,10.0,22.7,1.5,1.5,15.8
Breel Embolo,Monaco,6.0,47.0,16.0,10.9,10.1,10.1,17.8
Emanuel Emegha,Strasbourg,13.0,55.0,32.0,12.4,15.2,15.2,23.5
Yunus Emre Konak,Brentford,0.0,1.0,0.0,21.4,0.2,0.2,0.4
Julio Enciso,Ipswich Town,1.0,19.0,7.0,22.8,1.2,1.2,6.1
Julio Enciso,Brighton,0.0,20.0,11.0,21.3,1.0,1.0,3.3
Endrick,Real Madrid,1.0,17.0,4.0,17.0,1.7,1.7,2.5
Arne Engels,Augsburg,0.0,3.0,1.0,13.1,0.4,0.4,0.9
Sebastiano Esposito,Empoli,8.0,53.0,17.0,19.5,5.5,3.9,22.3
Samuel Essende,Augsburg,7.0,38.0,13.0,14.1,3.4,3.4,16.6
Estanis,Bologna,0.0,2.0,0.0,22.6,0.1,0.1,0.1
Etienne Eto'o,Rayo Vallecano,0.0,0.0,0.0,,0.0,0.0,0.4
Evanilson,Bournemouth,9.0,62.0,28.0,12.9,11.0,10.2,21.1
Jake Evans,Leicester City,0.0,0.0,0.0,,0.0,0.0,0.0
Eberechi Eze,Crystal Palace,4.0,93.0,24.0,21.5,8.2,7.4,26.0
Abde Ezzalzouli,Betis,2.0,56.0,22.0,15.8,7.5,6.7,19.2
Alieu Fadera,Como,1.0,27.0,9.0,18.8,1.6,1.6,17.8
Romain Faivre,Brest,3.0,18.0,9.0,16.9,2.6,1.8,10.0
Abdul Fatawu Issahaku,Leicester City,0.0,13.0,5.0,31.2,0.4,0.4,6.4
Ansu Fati,Barcelona,0.0,9.0,4.0,16.6,0.8,0.8,2.1
Khalil Fayad,Montpellier,0.0,9.0,2.0,24.5,0.8,0.8,8.6
Mattia Felici,Cagliari,0.0,10.0,6.0,12.8,0.6,0.6,9.7
João Félix,Chelsea,1.0,20.0,5.0,15.9,2.2,2.2,4.1
Evan Ferguson,West Ham,0.0,5.0,1.0,17.2,0.6,0.6,1.6
Evan Ferguson,Brighton,1.0,7.0,2.0,19.2,0.5,0.5,2.7
Zinedine Ferhat,Angers,2.0,12.0,5.0,20.4,1.4,1.4,8.2
Roberto Férnandez,Espanyol,5.0,16.0,7.0,14.8,2.8,2.8,11.1
Valery Fernández,Mallorca,2.0,3.0,3.0,10.3,0.8,0.8,3.3
Matias Fernandez-Pardo,Lille,3.0,14.0,10.0,18.7,2.2,2.2,8.1
Daniel Fila,Venezia,1.0,6.0,4.0,13.7,1.1,1.1,3.8
Phil Foden,Manchester City,7.0,52.0,16.0,18.5,5.1,5.1,18.7
Malick Fofana,Lyon,4.0,26.0,13.0,13.9,3.6,3.6,13.7
Rayan Fofana,Lens,0.0,0.0,0.0,,0.0,0.0,0.3
Michael Folorunsho,Fiorentina,0.0,5.0,2.0,12.7,0.7,0.7,6.1
Michael Folorunsho,Napoli,0.0,1.0,0.0,9.8,0.1,0.1,0.4
Carlos Forbs,Wolves,0.0,2.0,0.0,19.1,0.1,0.1,2.6
Pablo Fornals,Betis,1.0,19.0,3.0,22.0,1.6,1.6,17.1
Omari Forson,Monza,0.0,1.0,0.0,29.2,0.0,0.0,1.0
Matheus França,Crystal Palace,1.0,3.0,2.0,12.8,0.1,0.1,0.3
Enric Franquesa,Leganés,1.0,3.0,1.0,16.8,0.3,0.3,6.8
Ryan Fraser,Southampton,0.0,1.0,1.0,31.6,0.0,0.0,3.4
Jorge de Frutos,Rayo Vallecano,4.0,43.0,13.0,16.2,4.7,4.7,23.9
Chris Führich,Stuttgart,2.0,29.0,9.0,17.5,2.1,2.1,19.1
Shiō Fukuda,Gladbach,1.0,1.0,1.0,20.5,0.3,0.3,0.6
Angelo Fulgini,Lens,1.0,25.0,8.0,18.3,2.3,2.3,11.1
Niclas Füllkrug,West Ham,3.0,13.0,5.0,10.4,1.9,1.9,6.0
Kyogo Furuhashi,Rennes,0.0,1.0,0.0,22.7,0.1,0.1,1.4
Manuel Fuster,Las Palmas,2.0,15.0,6.0,23.0,0.7,0.7,8.4
Alessandro Gabrielloni,Como,1.0,5.0,2.0,17.7,0.3,0.3,1.3
Gianluca Gaetano,Cagliari,2.0,29.0,6.0,16.9,4.8,4.8,10.4
Cody Gakpo,Liverpool,8.0,47.0,19.0,15.2,6.2,6.2,17.3
Ignatius Ganago,Nantes,0.0,7.0,0.0,11.7,0.4,0.4,2.7
Silvère Ganvoula M'Boussy,Monza,0.0,4.0,1.0,11.3,0.4,0.4,3.6
Álvaro García,Rayo Vallecano,3.0,57.0,20.0,17.0,6.1,6.1,24.3
Pablo Garcia,Betis,0.0,0.0,0.0,,0.0,0.0,0.3
Rubén García,Osasuna,4.0,21.0,8.0,15.3,2.9,2.9,23.7
Alejandro Garnacho,Manchester Utd,5.0,73.0,27.0,16.9,6.2,6.2,21.8
Gavi,Barcelona,1.0,8.0,1.0,15.2,0.8,0.8,9.1
Yann Gboho,Toulouse,2.0,45.0,23.0,16.1,4.7,4.7,22.8
Dennis Geiger,Hoffenheim,0.0,4.0,1.0,24.0,0.1,0.1,6.5
Tyrique George,Chelsea,1.0,3.0,1.0,15.0,0.2,0.2,1.1
Bryan Gil,Girona,3.0,32.0,15.0,19.0,2.3,2.3,19.1
Santiago Giménez,Milan,2.0,18.0,6.0,14.3,3.5,2.7,6.4
Jamie Gittens,Dortmund,8.0,50.0,23.0,16.6,3.5,3.5,18.1
Serge Gnabry,Bayern Munich,6.0,40.0,15.0,15.7,6.7,5.9,11.0
Martial Godo,Fulham,0.0,0.0,0.0,,0.0,0.0,0.2
Aleksandr Golovin,Monaco,3.0,24.0,9.0,21.4,2.3,2.3,12.8
Rodrigo Gomes,Wolves,1.0,4.0,2.0,15.9,0.4,0.4,7.0
Carlos Gómez,Rennes,2.0,6.0,4.0,20.3,0.2,0.2,3.7
Dani Gómez,Valencia,2.0,14.0,6.0,12.1,2.7,2.7,5.9
Moi Gómez,Osasuna,0.0,6.0,1.0,19.2,0.5,0.5,8.3
Unai Gómez,Athletic Club,1.0,16.0,3.0,17.6,1.3,1.3,11.4
Nicolás González,Juventus,1.0,35.0,15.0,15.7,2.8,2.8,15.4
Peter González,Getafe,0.0,10.0,3.0,21.3,1.1,1.1,4.2
Anthony Gordon,Newcastle Utd,6.0,53.0,15.0,16.3,7.9,6.3,24.2
Mario Götze,Eint Frankfurt,3.0,8.0,5.0,10.1,2.9,2.9,17.1
Amine Gouiri,Marseille,4.0,40.0,16.0,15.3,5.6,5.6,8.0
Amine Gouiri,Rennes,3.0,31.0,16.0,16.4,3.5,3.5,11.5
Samuel Grandsir,Le Havre,0.0,0.0,0.0,,0.0,0.0,0.9
Jack Grealish,Manchester City,1.0,15.0,5.0,16.3,1.1,1.1,8.0
Mason Greenwood,Marseille,18.0,96.0,41.0,19.8,14.0,8.3,27.3
Michael Gregoritsch,Freiburg,2.0,15.0,6.0,14.1,1.8,1.8,6.4
Antoine Griezmann,Atlético Madrid,8.0,43.0,14.0,17.8,6.4,4.9,25.3
Vincenzo Grifo,Freiburg,8.0,57.0,24.0,20.9,7.6,5.2,23.4
Brajan Gruda,Brighton,0.0,4.0,2.0,16.8,0.4,0.4,5.5
Marco Grüll,Werder Bremen,6.0,25.0,10.0,15.9,4.0,4.0,12.0
Albert Grønbaek,Southampton,0.0,2.0,0.0,22.4,0.1,0.1,1.6
Albert Grønbaek,Rennes,2.0,22.0,9.0,18.6,1.5,1.5,9.0
Sergi Guardiola,Rayo Vallecano,0.0,11.0,3.0,10.4,2.4,2.4,3.7
Gonçalo Guedes,Wolves,2.0,18.0,7.0,19.9,2.2,2.2,8.6
Axel Gueguin,Montpellier,0.0,0.0,0.0,,0.0,0.0,0.3
Evann Guessand,Nice,11.0,58.0,25.0,12.3,8.1,8.1,26.9
Morgan Guilavogui,St. Pauli,5.0,34.0,11.0,13.7,6.0,6.0,16.4
Luis Guilherme,West Ham,0.0,3.0,1.0,14.9,0.3,0.3,1.5
Bahereba Guirassy,Nantes,2.0,7.0,4.0,14.1,0.7,0.7,3.5
Serhou Guirassy,Dortmund,16.0,75.0,28.0,11.7,18.1,16.5,25.0
Marc Guiu,Chelsea,0.0,0.0,0.0,,0.0,0.0,0.8
Arda Güler,Real Madrid,2.0,27.0,10.0,19.8,2.3,2.3,9.6
Jon Guridi,Alavés,3.0,19.0,10.0,14.7,3.4,2.6,19.3
Gorka Guruzeta,Athletic Club,6.0,51.0,16.0,13.4,5.2,5.1,17.5
Albert Guðmundsson,Fiorentina,6.0,22.0,10.0,21.8,4.0,2.4,12.7
Emmanuel Gyasi,Empoli,2.0,19.0,7.0,10.1,3.8,3.8,30.9
Christian Gytkjær,Venezia,2.0,11.0,3.0,16.3,1.9,1.1,6.4
Erling Haaland,Manchester City,21.0,99.0,54.0,12.2,20.8,18.4,27.6
Robin Hack,Gladbach,4.0,48.0,21.0,20.0,4.6,4.6,20.9
Munir El Haddadi,Leganés,3.0,11.0,5.0,19.6,0.9,0.9,6.4
Sébastien Haller,Leganés,0.0,4.0,1.0,14.1,0.4,0.4,4.5
Ali Al Hamadi,Ipswich Town,0.0,4.0,0.0,15.7,0.4,0.4,1.5
Phil Harres,Holstein Kiel,8.0,35.0,16.0,12.5,5.0,5.0,15.9
Jack Harrison,Everton,1.0,27.0,6.0,16.3,3.3,3.3,20.3
Abdou Harroui,Hellas Verona,1.0,15.0,4.0,17.7,2.2,2.2,5.1
Kai Havertz,Arsenal,9.0,52.0,21.0,11.7,9.4,9.4,20.4
Hwang Hee-chan,Wolves,2.0,5.0,3.0,17.4,0.8,0.8,7.2
Luis Henrique,Marseille,7.0,27.0,13.0,14.0,4.0,4.0,26.7
Son Heung-min,Tottenham,7.0,53.0,24.0,17.0,7.0,5.4,22.3
George Hirst,Ipswich Town,2.0,9.0,4.0,12.0,1.3,1.3,5.0
Adam Hložek,Hoffenheim,6.0,51.0,18.0,17.7,4.8,4.8,17.2
Philipp Hofmann,Bochum,3.0,54.0,19.0,14.0,5.5,5.5,24.5
Lucas Höler,Freiburg,5.0,31.0,16.0,11.2,7.0,6.2,18.5
Mason Holgate,Everton,0.0,0.0,0.0,,0.0,0.0,0.1
Benedict Hollerbach,Union Berlin,8.0,64.0,19.0,15.6,6.2,6.2,24.3
Gerrit Holtmann,Bochum,1.0,27.0,5.0,21.1,1.8,1.8,11.7
Franck Honorat,Gladbach,2.0,23.0,5.0,15.9,3.5,3.5,13.1
Mathias Honsak,Heidenheim,4.0,26.0,9.0,17.0,3.2,3.2,11.9
Ilyes Housni,Le Havre,0.0,5.0,0.0,13.2,0.2,0.2,2.6
Callum Hudson-Odoi,Nott'ham Forest,5.0,37.0,17.0,18.3,2.5,2.5,23.4
Omari Hutchinson,Ipswich Town,3.0,36.0,16.0,20.8,2.3,2.3,24.7
Rasmus Højlund,Manchester Utd,3.0,24.0,9.0,13.1,3.4,3.4,18.4
Hafiz Ibrahim,Reims,0.0,6.0,0.0,13.6,0.4,0.4,3.3
Arijon Ibrahimović,Bayern Munich,0.0,0.0,0.0,,0.0,0.0,0.0
Stanis Idumbo,Sevilla,1.0,4.0,2.0,23.5,0.6,0.6,3.2
Borja Iglesias,Celta Vigo,9.0,42.0,25.0,13.4,7.9,7.9,19.2
Kelechi Iheanacho,Sevilla,0.0,9.0,2.0,13.9,1.5,1.5,4.4
Jonathan Ikone,Como,2.0,11.0,4.0,14.7,1.1,1.1,3.8
Jonathan Ikone,Fiorentina,0.0,9.0,5.0,14.5,0.8,0.8,3.7
George Ilenikhena,Monaco,3.0,19.0,7.0,12.9,4.8,4.8,7.2
Andrej Ilic,Union Berlin,5.0,20.0,8.0,12.6,3.4,2.6,7.8
Samuel Iling-Junior,Bologna,1.0,4.0,1.0,19.0,0.1,0.1,1.3
Danny Ings,West Ham,1.0,14.0,5.0,15.5,2.3,2.3,3.2
Alessio Iovine,Como,0.0,1.0,0.0,26.0,0.0,0.0,4.2
Alexander Isak,Newcastle Utd,21.0,82.0,37.0,14.4,17.5,16.0,26.8
Gustav Isaksen,Lazio,4.0,49.0,21.0,19.0,3.6,3.6,21.6
Yanis Issoufou,Montpellier,0.0,2.0,0.0,12.4,0.1,0.1,0.9
Junya Ito,Reims,4.0,30.0,11.0,13.8,4.6,4.6,28.3
Diego Iturralde,Sevilla,0.0,1.0,0.0,15.5,0.1,0.1,0.4
Alex Iwobi,Fulham,9.0,60.0,27.0,18.5,4.3,4.3,29.3
Nicolas Jackson,Chelsea,9.0,73.0,31.0,12.6,12.1,12.1,22.5
Adnan Januzaj,Las Palmas,2.0,12.0,3.0,23.2,0.6,0.6,4.3
Ali Jasim,Como,0.0,0.0,0.0,,0.0,0.0,0.1
Daniel Jebbison,Bournemouth,0.0,2.0,1.0,12.3,0.2,0.2,0.8
Gabriel Jesus,Arsenal,3.0,20.0,7.0,11.1,3.0,3.0,6.8
Alejandro Jiménez,Milan,0.0,10.0,4.0,24.3,0.6,0.6,10.8
Raúl Jiménez,Fulham,10.0,76.0,26.0,14.7,10.4,8.1,22.7
João Pedro,Brighton,10.0,42.0,15.0,17.2,8.9,5.0,21.6
John Joe,Getafe,0.0,2.0,0.0,20.9,0.1,0.1,0.5
Joelinton,Newcastle Utd,4.0,45.0,13.0,14.0,3.9,3.9,26.6
Jofre,Espanyol,3.0,36.0,10.0,19.6,2.4,2.4,21.7
Ben Johnson,Ipswich Town,1.0,7.0,3.0,12.6,1.1,1.1,14.6
Brennan Johnson,Tottenham,11.0,53.0,20.0,11.4,9.8,9.8,22.1
Jota,Rennes,1.0,4.0,2.0,9.7,1.3,1.3,3.7
Diogo Jota,Liverpool,6.0,45.0,13.0,12.4,7.3,7.3,11.9
Antoine Joujou,Le Havre,0.0,11.0,2.0,18.4,0.6,0.6,10.4
Luka Jović,Milan,2.0,9.0,3.0,13.3,2.1,2.1,3.9
Juanmi,Getafe,0.0,13.0,6.0,12.8,2.9,2.9,7.4
Juanmi,Betis,0.0,6.0,1.0,14.1,0.7,0.7,2.7
Vinicius Júnior,Real Madrid,11.0,74.0,22.0,17.5,10.1,7.9,22.7
Yusuf Kabadayı,Augsburg,1.0,4.0,1.0,19.7,0.6,0.6,0.8
Issa Kaboré,Werder Bremen,0.0,7.0,0.0,13.4,0.7,0.7,3.4
Yaya Kader Fofana,Reims,1.0,13.0,4.0,20.1,0.6,0.6,7.0
Tino Kadewere,Nantes,1.0,7.0,5.0,16.0,1.6,1.6,5.3
Arnaud Kalimuendo,Rennes,14.0,59.0,23.0,16.7,13.3,7.2,25.8
Justin-Noël Kalumba,Angers,0.0,1.0,0.0,25.6,0.0,0.0,0.3
Harry Kane,Bayern Munich,24.0,98.0,42.0,16.6,19.4,12.4,24.2
Lee Kang-in,Paris S-G,6.0,38.0,14.0,18.7,3.4,3.4,17.0
Yann Karamoh,Torino,0.0,24.0,6.0,17.2,1.2,1.2,11.4
Jesper Karlsson,Bologna,1.0,6.0,2.0,20.3,0.7,0.7,3.3
Jesper Karlsson,Lecce,0.0,8.0,4.0,19.4,0.6,0.6,3.6
Lior Kasa,Genoa,0.0,4.0,2.0,19.9,0.3,0.3,1.8
Grigoris Kastanos,Hellas Verona,1.0,22.0,5.0,23.0,1.0,1.0,9.3
Mikkel Kaufmann,Heidenheim,0.0,3.0,3.0,14.6,0.5,0.5,4.1
Michael Kayode,Fiorentina,0.0,1.0,0.0,11.4,0.1,0.1,1.4
Moise Kean,Fiorentina,17.0,88.0,38.0,15.0,16.0,14.4,27.0
Yassine Kechta,Le Havre,2.0,27.0,9.0,26.1,2.3,2.3,19.6
Abdoulaye Keita,Getafe,0.0,2.0,0.0,25.8,0.0,0.0,1.1
Kenedy,Valladolid,0.0,1.0,0.0,7.2,0.0,0.0,0.1
Reda Khadra,Reims,0.0,0.0,0.0,,0.0,0.0,0.9
Wahbi Khazri,Montpellier,1.0,33.0,6.0,25.1,2.2,2.2,11.3
Kiké,Alavés,12.0,49.0,21.0,15.7,7.9,6.3,24.6
Joshua King,Fulham,0.0,1.0,0.0,5.3,0.2,0.2,0.9
Joshua King,Toulouse,5.0,39.0,16.0,15.2,5.4,5.4,15.1
Tim Kleindienst,Gladbach,15.0,68.0,33.0,13.0,13.1,11.4,27.4
Justin Kluivert,Bournemouth,12.0,50.0,22.0,20.1,9.9,5.1,22.5
Derrick Köhn,Werder Bremen,2.0,13.0,4.0,15.7,0.7,0.7,14.5
Koka,Le Havre,2.0,16.0,6.0,12.8,4.4,3.6,8.0
Randal Kolo Muani,Juventus,5.0,15.0,8.0,14.2,2.7,1.9,8.5
Randal Kolo Muani,Paris S-G,2.0,15.0,6.0,11.8,4.7,3.9,4.0
Ismael Konate,Empoli,0.0,2.0,1.0,24.7,0.1,0.1,0.7
Ismaël Koné,Marseille,0.0,4.0,0.0,22.5,0.3,0.3,4.0
Teun Koopmeiners,Juventus,3.0,42.0,10.0,18.2,3.9,3.9,22.2
Christian Kouamé,Fiorentina,0.0,11.0,1.0,14.3,1.1,1.1,6.9
Christian Kouamé,Empoli,1.0,16.0,5.0,14.3,2.7,2.7,5.6
Goduine Koyalipou,Lens,3.0,28.0,11.0,14.4,3.2,3.2,6.5
Andrej Kramarić,Hoffenheim,11.0,58.0,21.0,15.8,11.1,8.7,26.9
Frans Krätzig,Heidenheim,1.0,7.0,3.0,18.9,0.5,0.5,10.5
Nikola Krstović,Lecce,10.0,127.0,35.0,18.7,11.2,8.8,30.4
Takefusa Kubo,Real Sociedad,5.0,38.0,11.0,15.9,3.4,3.4,22.0
Mohammed Kudus,West Ham,3.0,65.0,19.0,15.6,6.2,6.2,24.9
Dejan Kulusevski,Tottenham,7.0,45.0,17.0,14.6,4.2,4.2,24.8
Khvicha Kvaratskhelia,Napoli,5.0,49.0,16.0,19.4,4.1,3.4,13.1
Khvicha Kvaratskhelia,Paris S-G,2.0,24.0,9.0,19.0,2.3,2.3,8.2
Moritz-Broni Kwarteng,Bochum,0.0,6.0,1.0,25.5,0.2,0.2,1.9
Rémy Labeau Lascary,Lens,2.0,14.0,5.0,13.2,2.5,2.5,7.1
Gaëtan Laborde,Nice,9.0,65.0,18.0,15.0,10.2,7.0,17.0
Alexandre Lacazette,Lyon,12.0,46.0,27.0,13.6,13.3,9.5,20.1
Younes Lachaab,Lille,0.0,1.0,0.0,23.8,0.1,0.1,0.1
Mathis Lambourde,Hellas Verona,1.0,1.0,1.0,13.5,0.1,0.1,0.6
Mohamed Lamine Bayo,Lille,2.0,10.0,4.0,12.2,2.2,2.2,3.4
Will Lankshear,Tottenham,0.0,0.0,0.0,,0.0,0.0,0.1
Gianluca Lapadula,Cagliari,0.0,15.0,3.0,12.8,1.4,1.4,3.4
Cyle Larin,Mallorca,6.0,35.0,12.0,12.0,6.5,5.7,17.2
Juanmi Latasa,Valladolid,3.0,32.0,7.0,11.9,3.3,3.3,11.7
Valentino Lazaro,Torino,0.0,13.0,2.0,19.7,0.8,0.8,22.6
Darko Lazović,Hellas Verona,1.0,17.0,2.0,19.4,2.0,1.2,15.5
Jérémy Le Douaron,Brest,0.0,2.0,1.0,11.3,0.2,0.2,1.1
Rafael Leão,Milan,7.0,61.0,26.0,16.9,6.6,6.6,24.1
Félix Lemaréchal,Strasbourg,3.0,19.0,7.0,14.4,2.8,2.8,16.0
Esteban Lepaul,Angers,7.0,32.0,13.0,12.3,4.1,4.1,14.2
Robert Lewandowski,Barcelona,25.0,103.0,42.0,13.5,24.4,21.3,27.1
Jamie Leweling,Stuttgart,2.0,26.0,15.0,19.8,1.1,1.1,16.0
Keane Lewis-Potter,Brentford,1.0,27.0,14.0,20.5,2.6,2.6,30.2
Jesper Lindstrøm,Everton,0.0,28.0,10.0,21.0,2.1,2.1,13.8
Dailon Livramento,Hellas Verona,1.0,13.0,4.0,12.0,1.8,1.8,9.7
Marin Ljubicic,Union Berlin,1.0,2.0,1.0,17.7,0.4,0.4,2.3
Javier Llabrés,Mallorca,0.0,1.0,0.0,19.7,0.0,0.0,0.6
Giovani Lo Celso,Betis,7.0,25.0,11.0,22.5,4.2,1.9,13.5
Elysée Logbo,Le Havre,0.0,1.0,0.0,3.7,0.2,0.2,0.3
Ademola Lookman,Atalanta,13.0,71.0,29.0,14.6,9.4,8.6,21.6
Diego López,Valencia,7.0,39.0,13.0,14.8,6.1,6.1,26.8
Fer López,Celta Vigo,2.0,13.0,3.0,17.7,1.8,1.8,4.9
Fermin López,Barcelona,3.0,30.0,10.0,18.0,4.4,4.4,10.5
Iker Losada,Celta Vigo,1.0,3.0,2.0,11.7,1.1,1.1,3.8
Iker Losada,Betis,0.0,5.0,1.0,18.5,0.5,0.5,3.7
Lorenzo Lucca,Udinese,10.0,57.0,22.0,13.7,7.2,6.4,24.8
Romelu Lukaku,Napoli,12.0,52.0,17.0,14.4,11.9,8.7,27.0
Dodi Lukebakio,Sevilla,11.0,78.0,35.0,19.7,8.6,7.8,30.4
Milos Lukovic,Strasbourg,0.0,0.0,0.0,,0.0,0.0,0.1
Zito Luvumbo,Cagliari,2.0,18.0,3.0,16.9,1.4,1.4,14.6
Mathias Løvik,Parma,0.0,1.0,0.0,11.5,0.1,0.1,0.9
Othmane Maamma,Montpellier,1.0,7.0,3.0,14.7,0.7,0.7,3.0
Shuto Machino,Holstein Kiel,8.0,41.0,16.0,17.3,4.8,4.0,18.5
Darwin Machís,Valladolid,0.0,13.0,2.0,21.9,0.8,0.8,6.9
Noni Madueke,Chelsea,7.0,69.0,26.0,14.6,7.9,7.9,18.3
Edmond-Paris Maghoma,Brentford,0.0,1.0,0.0,23.8,0.1,0.1,1.3
Frank Magri,Toulouse,5.0,39.0,14.0,12.4,5.2,5.2,13.4
Hamidou Makalou,Brest,0.0,0.0,0.0,,0.0,0.0,0.2
Daniel Maldini,Monza,3.0,39.0,13.0,19.7,4.8,4.8,14.5
Daniel Maldini,Atalanta,0.0,3.0,1.0,16.9,0.1,0.1,1.2
Donyell Malen,Aston Villa,3.0,12.0,8.0,16.3,1.7,1.7,3.0
Donyell Malen,Dortmund,3.0,19.0,6.0,14.2,2.9,2.9,6.8
Ruslan Malinovskyi,Genoa,0.0,9.0,3.0,30.2,0.2,0.2,4.3
Aaron Malouda,Lille,0.0,0.0,0.0,,0.0,0.0,0.0
Dennis Man,Parma,4.0,43.0,17.0,17.5,4.3,4.3,21.9
Johan Manzambi,Freiburg,1.0,8.0,2.0,17.3,0.8,0.8,1.4
Sekou Mara,Strasbourg,1.0,15.0,3.0,16.3,1.1,1.1,7.2
Solly March,Brighton,0.0,1.0,0.0,18.2,0.1,0.1,1.2
Alberto Marí,Valencia,0.0,0.0,0.0,,0.0,0.0,0.1
Mirko Marić,Monza,0.0,1.0,0.0,16.0,0.2,0.2,1.2
Mirko Marić,Venezia,0.0,6.0,0.0,13.6,0.6,0.6,3.5
Arkaitz Mariezkurrena,Real Sociedad,1.0,5.0,2.0,17.8,0.5,0.5,1.2
Omar Marmoush,Manchester City,6.0,36.0,16.0,18.1,4.7,4.7,10.2
Omar Marmoush,Eint Frankfurt,15.0,75.0,34.0,18.1,8.8,7.3,16.1
Carlos Martín,Alavés,2.0,26.0,12.0,17.0,2.3,2.3,14.5
Gabriel Martinelli,Arsenal,7.0,45.0,19.0,13.0,5.9,5.9,21.7
Lautaro Martínez,Inter,12.0,97.0,34.0,13.8,13.1,13.1,27.5
Toni Martínez,Alavés,4.0,44.0,15.0,16.4,3.0,3.0,10.1
Javi Martón,Athletic Club,0.0,0.0,0.0,,0.0,0.0,0.6
Marvin,Las Palmas,0.0,3.0,0.0,11.6,0.2,0.2,8.7
Giorgos Masouras,Bochum,2.0,24.0,13.0,13.6,3.6,3.6,8.5
Jaime Mata,Las Palmas,0.0,12.0,4.0,11.8,2.1,2.1,5.7
Igor Matanovic,Eint Frankfurt,1.0,12.0,4.0,14.1,1.1,1.1,3.5
Jean-Philippe Mateta,Crystal Palace,14.0,60.0,25.0,15.6,12.1,10.5,27.1
Jean Mattéo Bahoya,Eint Frankfurt,2.0,9.0,3.0,16.2,1.8,1.8,8.1
Neal Maupay,Marseille,4.0,19.0,10.0,10.6,4.1,4.1,11.5
Maurides,St. Pauli,0.0,0.0,0.0,,0.0,0.0,0.0
Stephy Mavididi,Leicester City,4.0,26.0,7.0,16.1,1.8,1.8,17.9
Keke Maximilian Topp,Werder Bremen,1.0,6.0,3.0,13.7,0.8,0.8,2.7
Borja Mayoral,Getafe,4.0,14.0,6.0,13.3,3.1,2.3,8.3
Pasquale Mazzocchi,Napoli,0.0,3.0,1.0,13.4,0.3,0.3,7.7
Samuel Mbangula,Juventus,3.0,8.0,5.0,19.6,0.5,0.5,7.8
Ethan Mbappé,Lille,0.0,11.0,4.0,18.1,1.1,1.1,2.4
Kylian Mbappé,Real Madrid,22.0,121.0,62.0,16.9,19.9,14.4,27.3
Ibrahim Mbaye,Paris S-G,1.0,5.0,5.0,12.9,1.1,1.1,1.8
Bryan Mbeumo,Brentford,18.0,66.0,30.0,17.7,10.6,6.6,32.9
James Mcatee,Manchester City,3.0,12.0,4.0,14.3,2.8,2.8,3.3
Kasey McAteer,Leicester City,0.0,8.0,3.0,16.7,0.6,0.6,5.4
Oliver McBurnie,Las Palmas,2.0,26.0,9.0,12.0,4.3,4.3,16.4
John McGinn,Aston Villa,1.0,26.0,5.0,16.2,2.9,2.6,22.1
Dwight McNeil,Everton,3.0,23.0,8.0,22.0,0.9,0.9,12.9
Henrik Meister,Rennes,1.0,2.0,1.0,17.4,0.1,0.1,0.7
Mohamed Meité,Rennes,1.0,11.0,2.0,11.1,1.3,1.3,4.5
Mateo Mejía,Sevilla,0.0,0.0,0.0,,0.0,0.0,0.1
Farid El Melali,Angers,2.0,44.0,14.0,21.8,3.5,3.5,20.1
Filippo Melegoni,Genoa,0.0,1.0,0.0,21.4,0.0,0.0,1.0
Mikel Merino,Arsenal,6.0,32.0,12.0,10.5,4.4,4.4,15.6
Junior Messias,Genoa,1.0,13.0,4.0,21.7,2.0,1.1,6.6
Connor Metcalfe,St. Pauli,0.0,5.0,3.0,22.3,0.7,0.7,3.7
Lucas Michal,Monaco,0.0,3.0,1.0,12.5,0.2,0.2,1.1
Miguel,Leganés,1.0,33.0,14.0,15.5,4.9,3.3,18.6
Valentin Mihaila,Parma,0.0,31.0,11.0,22.1,2.4,2.4,14.3
Georges Mikautadze,Lyon,9.0,44.0,19.0,14.2,9.0,5.7,14.6
Igor Miladinović,Saint-Étienne,0.0,0.0,0.0,,0.0,0.0,0.3
Pere Milla,Espanyol,1.0,7.0,3.0,15.1,0.6,0.6,3.5
Enzo Millot,Stuttgart,5.0,39.0,15.0,16.7,7.2,6.3,19.1
Takumi Minamino,Monaco,5.0,49.0,16.0,15.1,7.8,7.8,21.4
Kim Minsu,Girona,0.0,0.0,0.0,,0.0,0.0,0.2
Yankuba Minteh,Brighton,5.0,28.0,13.0,13.6,3.7,3.7,16.3
Bojan Miovski,Girona,2.0,14.0,4.0,12.3,2.7,2.7,9.4
Rafa Mir,Valencia,0.0,20.0,4.0,16.7,2.4,2.4,5.8
Fabio Miretti,Genoa,3.0,24.0,6.0,17.4,3.1,3.1,18.6
Kaoru Mitoma,Brighton,8.0,53.0,24.0,14.1,8.2,8.2,27.7
Koji Miyoshi,Bochum,1.0,12.0,5.0,21.1,1.1,1.1,5.0
Max Moerstedt,Hoffenheim,0.0,12.0,4.0,12.2,0.8,0.8,5.0
Terem Moffi,Nice,0.0,3.0,1.0,11.9,0.4,0.4,0.5
Mostafa Mohamed,Nantes,5.0,37.0,15.0,13.6,4.7,4.7,12.1
David Mokwa,Hoffenheim,0.0,2.0,2.0,5.4,0.3,0.3,0.2
Alberto Moleiro,Las Palmas,6.0,61.0,23.0,18.8,5.3,5.3,26.4
Florent Mollet,Nantes,0.0,6.0,2.0,15.6,0.3,0.3,2.7
Jeremy Monga,Leicester City,0.0,0.0,0.0,,0.0,0.0,0.3
Mikey Moore,Tottenham,0.0,3.0,0.0,19.5,0.2,0.2,2.1
Álvaro Morata,Milan,5.0,27.0,10.0,11.3,3.9,3.9,12.2
Gerard Moreno,Villarreal,3.0,23.0,9.0,18.2,4.2,1.8,7.2
Tete Morente,Lecce,3.0,35.0,12.0,20.5,2.7,2.7,20.4
Raúl Moro,Valladolid,4.0,39.0,14.0,18.3,3.2,3.2,21.2
Daniel Mosquera,Hellas Verona,5.0,50.0,13.0,13.1,6.2,6.2,13.4
Dany Mota,Monza,5.0,37.0,10.0,13.1,4.7,4.7,21.1
Youssoufa Moukoko,Nice,2.0,6.0,2.0,11.6,2.2,2.2,2.3
Steve Mounié,Augsburg,0.0,17.0,4.0,11.1,1.9,1.9,3.3
Mason Mount,Manchester Utd,0.0,8.0,3.0,15.9,1.2,1.2,3.9
Divin Mubama,Manchester City,0.0,1.0,0.0,17.2,0.0,0.0,0.3
Mykhailo Mudryk,Chelsea,0.0,1.0,1.0,11.6,0.3,0.3,1.7
Thomas Müller,Bayern Munich,1.0,24.0,10.0,16.2,3.2,3.2,11.3
Marshall Munetsi,Wolves,1.0,15.0,5.0,14.8,3.0,3.0,7.8
Rodrigo Muniz,Fulham,8.0,39.0,19.0,12.0,5.8,5.8,10.7
Vedat Muriqi,Mallorca,7.0,48.0,16.0,11.9,9.5,7.1,19.4
Jacob Murphy,Newcastle Utd,8.0,39.0,15.0,17.9,5.5,5.5,22.4
Yunus Musah,Milan,0.0,21.0,5.0,19.1,1.9,1.9,15.7
Florent Muslija,Freiburg,0.0,3.0,2.0,20.9,0.3,0.3,1.9
Kingstone Mutandwa,Cagliari,0.0,4.0,0.0,17.8,0.4,0.4,0.9
Konan N'dri,Lecce,0.0,8.0,2.0,19.8,0.5,0.5,2.2
Nathan N'Goumou,Gladbach,2.0,24.0,13.0,15.4,1.9,1.9,9.2
Djylian N'Guessan,Saint-Étienne,0.0,3.0,0.0,11.5,0.4,0.4,1.4
Keito Nakamura,Reims,11.0,72.0,29.0,16.7,8.0,8.0,26.4
Sebastian Nanasi,Strasbourg,5.0,25.0,10.0,11.7,5.8,5.8,21.3
Roberto Navarro,Mallorca,1.0,18.0,6.0,16.2,2.0,2.0,14.2
Jesús Navas,Sevilla,1.0,3.0,2.0,14.9,0.5,0.5,4.7
Iliman Ndiaye,Everton,7.0,31.0,13.0,17.3,5.2,3.6,23.5
Junior Ndiaye,Montpellier,0.0,2.0,0.0,15.9,0.3,0.3,2.2
Dan Ndoye,Bologna,8.0,46.0,16.0,17.3,6.7,5.1,21.8
Loïc Nego,Le Havre,0.0,10.0,2.0,17.3,0.6,0.6,23.3
Reiss Nelson,Arsenal,0.0,0.0,0.0,,0.0,0.0,0.0
Reiss Nelson,Fulham,1.0,12.0,6.0,15.4,1.1,1.1,5.4
David Neres,Napoli,2.0,27.0,6.0,18.2,2.0,2.0,13.6
Pedro Neto,Chelsea,4.0,51.0,16.0,18.9,2.8,2.8,20.4
Cyril Ngonge,Napoli,0.0,12.0,6.0,20.4,0.7,0.7,2.2
Steve Ngoura,Le Havre,0.0,10.0,2.0,11.9,1.3,1.3,3.2
Bernard Nguene,Nice,0.0,0.0,0.0,,0.0,0.0,0.1
Ibrahima Niane,Angers,3.0,29.0,10.0,14.6,5.7,4.9,10.5
Eybi Nije,Torino,1.0,9.0,5.0,18.9,1.5,1.5,4.4
Adrian Niño,Atlético Madrid,0.0,2.0,0.0,13.9,0.2,0.2,0.1
Justin Njinmah,Werder Bremen,3.0,27.0,7.0,14.5,3.0,3.0,9.6
Eddie Nketiah,Crystal Palace,1.0,36.0,12.0,14.4,4.3,4.3,9.8
Christopher Nkunku,Chelsea,3.0,25.0,11.0,12.6,4.8,4.8,10.2
Lukas Nmecha,Wolfsburg,2.0,15.0,6.0,13.5,3.6,3.6,3.2
Arnaud Nordin,Montpellier,4.0,26.0,11.0,18.2,4.1,2.5,13.0
Tijjani Noslin,Lazio,2.0,18.0,6.0,12.6,2.0,2.0,9.2
Randy Nteka,Rayo Vallecano,3.0,16.0,8.0,13.6,2.6,2.6,12.5
Ernest Nuamah,Lyon,3.0,28.0,13.0,17.3,2.2,2.2,11.7
Gustavo Nunes,Brentford,0.0,0.0,0.0,,0.0,0.0,0.0
Darwin Núñez,Liverpool,5.0,31.0,12.0,14.3,5.0,5.0,11.2
Ethan Nwaneri,Arsenal,4.0,22.0,8.0,18.2,1.1,1.1,9.1
M'Bala Nzola,Lens,6.0,47.0,18.0,12.1,8.6,8.6,16.2
Chidozie Obi-Martin,Manchester Utd,0.0,0.0,0.0,,0.0,0.0,0.5
Lucas Ocampos,Sevilla,0.0,4.0,2.0,24.4,0.2,0.2,1.9
Jens Odgaard,Bologna,6.0,48.0,22.0,19.5,3.6,3.6,20.1
Wilson Odobert,Tottenham,0.0,10.0,2.0,17.3,0.7,0.7,5.7
Chiedozie Ogbene,Ipswich Town,0.0,0.0,0.0,,0.0,0.0,2.6
Hamzat Ojediran,Lens,1.0,10.0,3.0,22.1,0.6,0.6,4.4
Noah Okafor,Napoli,0.0,1.0,0.0,24.4,0.0,0.0,0.4
Noah Okafor,Milan,1.0,13.0,7.0,14.8,1.5,1.5,4.6
Kazeem Olaigbe,Rennes,0.0,5.0,2.0,19.5,0.3,0.3,2.2
Ben Old,Saint-Étienne,0.0,10.0,2.0,18.6,1.0,1.0,4.9
Michael Olise,Bayern Munich,8.0,72.0,31.0,17.0,8.5,8.5,21.9
Dani Olmo,Barcelona,9.0,37.0,14.0,17.2,5.5,4.7,11.1
Ado Onaiwu,Auxerre,2.0,21.0,12.0,13.8,3.4,3.4,8.8
Jacob Ondrejka,Parma,1.0,6.0,3.0,19.6,0.4,0.4,1.7
Karim Onisiwo,Mainz 05,0.0,3.0,0.0,13.5,0.1,0.1,1.2
Paul Onuachu,Southampton,4.0,32.0,14.0,10.4,3.3,3.3,10.9
Loïs Openda,RB Leipzig,9.0,73.0,31.0,16.4,8.8,8.0,24.9
Christopher Operi,Le Havre,0.0,7.0,1.0,22.0,0.3,0.3,13.0
Victor Orakpo,Nice,0.0,2.0,0.0,10.4,0.3,0.3,0.4
Gift Orban,Lyon,2.0,4.0,3.0,8.7,1.2,1.2,2.1
Gift Orban,Hoffenheim,4.0,11.0,4.0,17.4,3.4,3.4,7.6
Gaetano Oristanio,Venezia,2.0,39.0,11.0,18.1,3.3,3.3,23.8
Aimar Oroz,Osasuna,4.0,42.0,13.0,19.2,3.2,3.2,28.0
Riccardo Orsolini,Bologna,12.0,58.0,22.0,17.5,7.9,5.5,16.8
Gabriel Osei Misehouy,Girona,1.0,6.0,2.0,17.2,0.9,0.9,2.9
William Osula,Newcastle Utd,0.0,1.0,0.0,13.2,0.0,0.0,1.0
Jibril Othman,Saint-Étienne,0.0,0.0,0.0,,0.0,0.0,0.1
Dango Ouattara,Bournemouth,7.0,59.0,20.0,13.4,8.2,8.2,20.5
Guimissongui Ouattara,Strasbourg,1.0,5.0,2.0,21.0,0.3,0.3,4.8
Kassoum Ouattara,Monaco,0.0,2.0,1.0,21.2,0.2,0.2,4.3
Remi Oudin,Lecce,0.0,3.0,1.0,28.0,0.1,0.1,3.3
Mikel Oyarzabal,Real Sociedad,8.0,31.0,11.0,14.0,7.6,5.2,21.3
Isaac Palazón Camacho,Rayo Vallecano,3.0,46.0,12.0,22.8,3.5,3.5,19.0
Lucas Paquetá,West Ham,4.0,37.0,3.0,19.4,5.2,3.6,24.1
Álvaro Pascual,Sevilla,0.0,5.0,1.0,,0.0,0.0,1.3
Nathan Patterson,Everton,0.0,1.0,0.0,16.8,0.1,0.1,2.3
Leonardo Pavoletti,Cagliari,1.0,17.0,6.0,11.9,2.2,2.2,3.9
Nicolas Pays,Montpellier,0.0,11.0,1.0,20.0,1.3,1.3,5.0
Nicolás Paz,Como,6.0,91.0,35.0,20.2,8.2,7.4,25.0
Pedro,Lazio,6.0,22.0,8.0,18.8,3.4,2.7,10.3
Jordan Pefok,Reims,1.0,4.0,1.0,7.3,0.5,0.5,1.3
Jordan Pefok,Union Berlin,0.0,23.0,7.0,12.2,3.2,3.2,10.1
Pejiño,Las Palmas,0.0,1.0,0.0,24.6,0.0,0.0,0.2
Pietro Pellegri,Empoli,3.0,8.0,4.0,18.5,0.3,0.3,4.6
Mateo Pellegrino,Parma,3.0,13.0,7.0,15.2,1.4,1.4,4.1
Faris Pemi Moumbagna,Marseille,0.0,0.0,0.0,,0.0,0.0,0.1
Rubén Peña,Osasuna,0.0,10.0,3.0,15.4,0.7,0.7,7.4
Nicolas Pépé,Villarreal,1.0,31.0,15.0,16.5,2.5,2.5,11.6
Peque,Sevilla,1.0,12.0,3.0,14.8,1.7,1.7,10.8
Mathias Pereira Lage,Brest,2.0,25.0,11.0,17.8,2.4,2.4,13.9
Ayoze Pérez,Villarreal,14.0,63.0,23.0,14.2,10.0,10.0,17.7
Carles Pérez,Getafe,3.0,34.0,9.0,21.1,2.4,2.4,15.6
Francisco Perez,Valencia,0.0,4.0,1.0,20.1,0.1,0.1,5.0
Gaëtan Perrin,Auxerre,8.0,52.0,23.0,19.4,4.8,4.8,26.0
Noah Pesch,Gladbach,0.0,0.0,0.0,,0.0,0.0,0.1
Andrea Petagna,Monza,0.0,4.0,0.0,14.6,0.2,0.2,3.0
Giuseppe Pezzella,Empoli,0.0,12.0,2.0,20.7,0.5,0.5,27.0
Maximilian Philipp,Freiburg,0.0,1.0,0.0,21.5,0.0,0.0,0.2
Jaden Philogene Bidace,Aston Villa,0.0,7.0,0.0,16.0,0.5,0.5,3.7
Jaden Philogene Bidace,Ipswich Town,2.0,12.0,5.0,16.4,2.0,2.0,5.3
Roberto Piccoli,Cagliari,9.0,81.0,24.0,13.5,10.7,9.9,30.7
Benedikt Pichler,Holstein Kiel,1.0,18.0,8.0,13.9,2.2,2.2,8.6
Marvin Pieringer,Heidenheim,7.0,51.0,16.0,14.8,8.4,6.1,20.9
Santiago Pierotti,Lecce,4.0,30.0,7.0,15.2,2.7,2.7,18.4
Andrea Pinamonti,Genoa,8.0,72.0,26.0,16.4,7.3,6.5,28.6
Damián Pizarro,Udinese,0.0,0.0,0.0,,0.0,0.0,0.2
Alassane Pléa,Gladbach,10.0,38.0,11.0,15.4,6.9,6.1,19.0
Daniel Podence,Wolves,0.0,1.0,0.0,24.4,0.0,0.0,0.5
Joel Pohjanpalo,Venezia,6.0,34.0,13.0,16.9,7.5,4.3,17.8
Matteo Politano,Napoli,3.0,48.0,11.0,19.6,2.8,2.8,26.7
Portu,Girona,0.0,2.0,0.0,18.0,0.2,0.2,5.3
Yussuf Poulsen,RB Leipzig,1.0,11.0,5.0,8.9,2.3,2.3,3.5
Abdón Prats,Mallorca,2.0,13.0,4.0,14.7,2.2,1.5,5.1
Ivan Prtajin,Union Berlin,0.0,8.0,2.0,15.7,0.5,0.5,1.8
Javi Puado,Espanyol,11.0,51.0,15.0,19.7,9.1,5.9,27.5
Diego Pugno,Juventus,0.0,0.0,0.0,,0.0,0.0,0.1
Christian Pulisic,Milan,9.0,42.0,17.0,17.3,10.1,6.9,22.8
Dani Raba,Leganés,7.0,26.0,8.0,26.7,6.8,2.9,17.2
Antonio Raimondo,Venezia,0.0,1.0,1.0,4.4,0.3,0.3,1.0
Sandro Ramírez,Las Palmas,8.0,45.0,20.0,23.5,3.1,3.1,20.7
Gonçalo Ramos,Paris S-G,7.0,42.0,23.0,10.0,10.6,9.8,9.4
Jacob Ramsey,Aston Villa,1.0,17.0,4.0,16.1,1.4,1.4,16.5
Grant Ranos,Gladbach,0.0,0.0,0.0,,0.0,0.0,0.2
Lilian Raolisoa,Angers,0.0,9.0,1.0,24.3,0.4,0.4,11.8
Raphinha,Barcelona,15.0,95.0,36.0,19.1,16.3,14.7,27.3
Marcus Rashford,Manchester Utd,4.0,16.0,9.0,16.4,1.7,1.7,10.9
Marcus Rashford,Aston Villa,2.0,18.0,5.0,19.4,3.1,2.3,4.9
Giacomo Raspadori,Napoli,4.0,29.0,10.0,15.9,3.1,3.1,8.8
Raúl,Osasuna,2.0,19.0,9.0,15.7,2.2,2.2,7.5
Abderrahman Rebbach,Alavés,0.0,6.0,1.0,20.3,0.2,0.2,4.3
Ante Rebić,Lecce,1.0,11.0,3.0,14.0,2.0,2.0,7.3
Remy Rees-Dottin,Bournemouth,0.0,0.0,0.0,,0.0,0.0,0.0
Mateo Retegui,Atalanta,23.0,80.0,28.0,12.6,16.0,12.8,21.8
Richarlison,Tottenham,4.0,15.0,7.0,8.4,3.6,3.6,4.3
Fabian Rieder,Stuttgart,1.0,19.0,6.0,21.7,1.3,1.3,8.9
Luis Rioja,Alavés,0.0,0.0,0.0,,0.0,0.0,0.3
Luis Rioja,Valencia,5.0,26.0,10.0,21.3,3.2,1.6,27.7
Alberto Risco,Getafe,0.0,4.0,1.0,21.1,0.2,0.2,0.8
Rodri,Betis,0.0,2.0,2.0,22.6,0.2,0.2,1.3
Álvaro Rodríguez,Getafe,2.0,22.0,9.0,16.7,1.1,1.1,7.9
Óscar Rodríguez Arnaiz,Leganés,1.0,28.0,5.0,25.5,1.8,1.8,13.6
Dani Rodríguez,Mallorca,4.0,29.0,10.0,18.0,2.8,2.8,21.1
James Rodríguez,Rayo Vallecano,0.0,4.0,2.0,18.8,0.3,0.3,1.6
Jesus Rodríguez,Betis,2.0,22.0,8.0,17.9,2.3,2.3,10.2
Rodrygo,Real Madrid,6.0,54.0,20.0,16.4,4.0,3.9,21.4
Morgan Rogers,Aston Villa,8.0,52.0,19.0,15.8,6.1,6.1,30.7
Merlin Röhl,Freiburg,0.0,12.0,3.0,18.2,0.8,0.8,10.4
Isaac Romero,Sevilla,3.0,50.0,15.0,16.6,5.9,5.1,23.0
Luka Romero,Alavés,0.0,1.0,0.0,38.7,0.8,0.0,2.2
Vitor Roque,Betis,4.0,41.0,18.0,14.5,6.1,6.1,13.7
Jon Rowe,Marseille,3.0,30.0,14.0,16.0,3.1,3.1,7.2
Aitor Ruibal,Betis,1.0,12.0,3.0,19.6,0.7,0.7,11.0
Abel Ruiz,Girona,4.0,21.0,7.0,14.0,4.6,3.0,13.6
Georginio Rutter,Brighton,5.0,50.0,12.0,15.5,4.6,4.6,18.4
Julian Ryerson,Dortmund,1.0,13.0,4.0,21.5,0.5,0.5,21.3
Elias Saad,St. Pauli,3.0,26.0,8.0,17.6,2.8,2.8,9.7
Emmanuel Sabbi,Le Havre,0.0,15.0,4.0,12.5,1.9,1.9,7.3
Marcel Sabitzer,Dortmund,0.0,16.0,5.0,19.7,1.6,1.6,16.4
Umar Sadiq,Valencia,5.0,19.0,7.0,13.7,3.3,3.3,7.3
Umar Sadiq,Real Sociedad,0.0,5.0,0.0,18.7,0.2,0.2,2.5
Alexis Saelemaekers,Roma,6.0,18.0,9.0,17.2,1.9,1.9,13.5
Alexis Saelemaekers,Milan,0.0,0.0,0.0,,0.0,0.0,1.0
Osame Sahraoui,Lille,3.0,23.0,8.0,15.6,2.9,2.9,13.4
Wesley Saïd,Lens,3.0,17.0,7.0,11.2,3.2,3.2,9.7
Bukayo Saka,Arsenal,6.0,54.0,19.0,15.9,5.9,5.1,16.2
Ibrahim Salah,Brest,1.0,13.0,4.0,19.7,0.6,0.6,4.0
Mohamed Salah,Liverpool,27.0,107.0,46.0,14.7,23.7,16.7,32.5
Amine Salama,Reims,0.0,9.0,3.0,16.3,0.7,0.7,4.1
Roland Sallai,Freiburg,0.0,3.0,1.0,22.1,0.1,0.1,0.5
Lazar Samardzic,Atalanta,2.0,31.0,11.0,19.2,1.9,1.9,11.6
Mama Samba Baldé,Lyon,0.0,1.0,0.0,8.7,0.1,0.1,0.4
Mama Samba Baldé,Brest,2.0,28.0,8.0,16.0,2.8,2.8,12.3
Junior Sambia,Empoli,0.0,7.0,0.0,24.4,0.3,0.3,3.5
Antonio Sanabria,Torino,2.0,17.0,4.0,15.4,2.8,2.0,13.9
Alexis Sánchez,Udinese,0.0,5.0,0.0,17.9,0.6,0.6,4.0
Iván Sánchez,Valladolid,1.0,12.0,4.0,20.4,0.6,0.6,13.2
Jadon Sancho,Chelsea,3.0,23.0,7.0,15.3,2.0,2.0,18.4
Leroy Sané,Bayern Munich,9.0,56.0,22.0,16.3,9.0,9.0,15.6
Maroan Sannadi,Athletic Club,1.0,14.0,5.0,15.2,2.4,2.4,5.3
Nicola Sansone,Lecce,0.0,3.0,1.0,26.0,0.2,0.2,0.7
Pablo Sarabia,Wolves,3.0,16.0,8.0,19.2,2.8,2.8,7.5
Amin Sarr,Hellas Verona,4.0,20.0,6.0,15.0,2.4,2.4,17.0
Ismaila Sarr,Crystal Palace,7.0,48.0,24.0,13.3,8.7,8.7,26.6
Martin Satriano,Lens,0.0,3.0,0.0,8.6,0.3,0.3,0.5
Sávio,Manchester City,1.0,54.0,21.0,17.7,4.9,4.9,19.3
Gianluca Scamacca,Atalanta,0.0,1.0,1.0,9.5,0.1,0.1,0.1
Dane Scarlett,Tottenham,0.0,1.0,1.0,13.9,0.0,0.0,0.4
Kevin Schade,Brentford,7.0,45.0,19.0,11.9,6.2,6.2,21.5
Patrik Schick,Leverkusen,18.0,63.0,30.0,11.7,11.2,11.2,15.7
Stefan Schimmer,Heidenheim,0.0,10.0,2.0,14.4,1.1,1.1,2.7
Léo Scienza,Heidenheim,3.0,34.0,14.0,21.1,1.9,1.9,12.0
Jérémy Sebas,Strasbourg,0.0,6.0,2.0,15.6,0.7,0.7,2.1
Antoine Semenyo,Bournemouth,8.0,116.0,36.0,17.2,9.1,9.1,31.4
Nicolás Serrano,Athletic Club,0.0,5.0,1.0,24.6,0.2,0.2,1.2
Benjamin Šeško,RB Leipzig,12.0,62.0,26.0,16.8,9.4,7.8,24.1
Ryan Sessegnon,Fulham,3.0,10.0,6.0,12.7,1.2,1.2,3.6
Eldor Shomurodov,Roma,4.0,23.0,11.0,11.6,4.3,4.3,8.2
Armindo Sieb,Mainz 05,2.0,28.0,7.0,16.5,2.8,2.8,8.4
Zain Silcott-Duberry,Bournemouth,0.0,0.0,0.0,,0.0,0.0,0.0
André Silva,Werder Bremen,1.0,12.0,5.0,16.6,2.6,1.0,4.2
André Silva,RB Leipzig,1.0,7.0,2.0,21.1,1.3,0.5,1.5
Bernardo Silva,Manchester City,3.0,28.0,10.0,12.9,3.2,3.2,25.7
Fábio Silva,Las Palmas,10.0,46.0,20.0,14.8,8.8,6.4,20.7
Jota Silva,Nott'ham Forest,3.0,21.0,7.0,14.9,1.9,1.9,9.2
Abdallah Sima,Brest,6.0,33.0,15.0,13.5,5.2,5.2,12.2
Giovanni Simeone,Napoli,1.0,13.0,3.0,16.0,2.6,2.6,4.3
Moses Simon,Nantes,7.0,38.0,13.0,19.2,4.9,2.6,25.3
Danel Sinani,St. Pauli,2.0,30.0,11.0,20.9,1.4,1.4,10.4
Lassine Sinayoko,Auxerre,3.0,50.0,12.0,16.4,5.7,4.9,21.8
Luis Sinisterra,Bournemouth,1.0,13.0,6.0,14.8,1.2,1.2,2.6
Ayanda Sishuba,Rennes,0.0,0.0,0.0,,0.0,0.0,0.0
Ibrahim Sissoko,Saint-Étienne,3.0,21.0,4.0,14.6,4.3,3.5,9.0
Niama Sissoko,Reims,0.0,3.0,0.0,12.1,0.3,0.3,0.5
Tim Skarke,Union Berlin,0.0,20.0,9.0,18.5,2.1,2.1,11.5
Andreas Skov Olsen,Wolfsburg,1.0,6.0,1.0,13.8,0.6,0.6,4.1
Steven Skrzybski,Holstein Kiel,6.0,27.0,11.0,19.3,3.4,2.6,11.4
Naatan Skyttä,Toulouse,0.0,0.0,0.0,,0.0,0.0,0.1
Alex Sola,Getafe,0.0,15.0,2.0,18.6,1.0,1.0,11.4
Dominic Solanke,Tottenham,7.0,56.0,22.0,12.2,9.9,9.9,22.8
Ola Solbakken,Empoli,0.0,3.0,3.0,11.0,0.8,0.8,7.0
Carlos Soler,West Ham,1.0,24.0,7.0,19.1,1.7,1.7,15.0
Julio Soler,Bournemouth,0.0,0.0,0.0,,0.0,0.0,0.0
Ramón Sosa,Nott'ham Forest,1.0,10.0,5.0,18.9,0.9,0.9,2.9
Florian Sotoca,Lens,1.0,46.0,18.0,14.9,4.6,4.6,19.4
Riccardo Sottil,Fiorentina,1.0,22.0,6.0,19.7,0.9,0.9,9.3
Riccardo Sottil,Milan,0.0,2.0,0.0,10.5,0.2,0.2,1.3
Matìas Soulé,Roma,4.0,34.0,12.0,21.4,2.5,2.5,15.0
Issa Soumaré,Le Havre,4.0,32.0,15.0,16.6,2.8,2.8,17.1
Leonardo Spinazzola,Napoli,1.0,9.0,3.0,18.7,0.4,0.4,12.0
Lucas Stassin,Saint-Étienne,10.0,37.0,19.0,13.8,7.0,6.9,19.1
Orri Steinn Óskarsson,Real Sociedad,3.0,19.0,7.0,13.1,5.2,5.2,10.5
Raheem Sterling,Arsenal,0.0,10.0,0.0,15.0,1.3,1.3,4.8
Enzo Sternal,Marseille,0.0,0.0,0.0,,0.0,0.0,0.3
Ross Stewart,Southampton,0.0,2.0,0.0,12.5,0.1,0.1,2.0
Kevin Stöger,Gladbach,3.0,20.0,6.0,23.8,3.4,1.8,15.8
Stoichkov,Alavés,0.0,18.0,3.0,19.8,1.1,1.1,7.8
Jørgen Strand Larsen,Wolves,12.0,49.0,31.0,11.6,9.3,9.3,26.5
Gabriel Strefezza,Como,3.0,51.0,17.0,20.7,3.2,3.2,25.1
Cristhian Stuani,Girona,8.0,25.0,13.0,12.5,6.6,4.3,8.3
Kamaldeen Sulemana,Southampton,1.0,22.0,7.0,18.1,1.2,1.2,11.6
Crysencio Summerville,West Ham,1.0,14.0,4.0,13.4,1.6,1.6,8.7
Tomáš Suslov,Hellas Verona,0.0,30.0,7.0,21.9,1.6,1.6,20.9
Suso,Sevilla,0.0,7.0,2.0,22.5,0.4,0.4,2.5
Daniel Svensson,Dortmund,1.0,3.0,2.0,10.8,0.5,0.5,4.7
Williot Swedberg,Celta Vigo,3.0,26.0,14.0,15.2,4.5,4.5,12.7
Mamadou Sylla,Valladolid,5.0,18.0,3.0,17.3,5.1,2.0,15.8
Sammie Szmodics,Ipswich Town,4.0,21.0,12.0,14.0,3.4,3.4,10.9
Alexander Sørloth,Atlético Madrid,13.0,57.0,25.0,12.3,11.5,10.8,14.4
Musa Al-Taamari,Montpellier,2.0,27.0,11.0,17.7,2.6,2.6,12.4
Musa Al-Taamari,Rennes,1.0,13.0,3.0,14.2,2.4,2.4,4.9
Haris Tabakovic,Hoffenheim,2.0,27.0,9.0,11.5,3.0,3.0,8.5
Mehdi Taremi,Inter,1.0,11.0,4.0,12.1,2.9,2.1,6.5
Marcus Tavernier,Bournemouth,3.0,48.0,15.0,20.5,5.2,5.2,17.3
Loum Tchaouna,Lazio,1.0,22.0,7.0,18.0,2.4,2.4,7.1
Mathys Tel,Tottenham,2.0,17.0,6.0,15.8,2.1,1.3,5.5
Mathys Tel,Bayern Munich,0.0,10.0,3.0,18.1,0.7,0.7,2.8
Nathan Tella,Leverkusen,2.0,24.0,8.0,15.3,2.6,2.6,13.1
Casper Tengstedt,Hellas Verona,6.0,37.0,10.0,14.2,5.3,4.5,15.4
Ramón Terrats,Villarreal,0.0,2.0,0.0,21.2,0.1,0.1,1.5
Ramón Terrats,Getafe,4.0,13.0,7.0,20.9,1.6,1.6,9.1
Martin Terrier,Leverkusen,2.0,16.0,6.0,13.6,2.4,2.4,6.5
Florian Thauvin,Udinese,8.0,51.0,23.0,18.5,8.1,5.7,21.7
Thiago,Brentford,0.0,1.0,0.0,14.7,0.1,0.1,1.5
Sorba Thomas,Nantes,1.0,9.0,1.0,17.0,1.5,1.5,12.9
Marcus Thuram,Inter,14.0,64.0,27.0,13.1,9.8,9.8,24.4
Kieran Tierney,Arsenal,0.0,1.0,0.0,2.6,0.2,0.2,2.0
Phillip Tietz,Augsburg,6.0,42.0,14.0,17.3,5.3,4.5,16.9
Umut Tohumcu,Hoffenheim,0.0,3.0,1.0,26.3,0.1,0.1,3.8
Raúl de Tomás,Rayo Vallecano,0.0,0.0,0.0,,0.0,0.0,0.2
Tiago Tomás,Wolfsburg,6.0,40.0,20.0,15.5,5.4,5.4,20.0
Pablo Torre,Barcelona,3.0,6.0,4.0,23.5,0.4,0.4,3.4
Ferrán Torres,Barcelona,10.0,44.0,22.0,14.8,7.1,7.1,11.3
Bazoumana Touré,Hoffenheim,0.0,12.0,3.0,16.7,0.9,0.9,3.8
Adama Traoré,Fulham,2.0,35.0,11.0,14.3,3.8,3.8,16.9
Omar Traoré,Heidenheim,0.0,12.0,3.0,23.7,0.4,0.4,25.2
Leandro Trossard,Arsenal,8.0,66.0,20.0,16.0,6.6,6.6,25.2
Viktor Tsyhankov,Girona,2.0,27.0,6.0,19.7,2.4,2.4,16.6
Chrisantus Uche,Getafe,3.0,46.0,13.0,17.5,3.4,3.4,24.8
Enes Ünal,Bournemouth,2.0,20.0,7.0,14.6,2.7,2.7,3.8
Deniz Undav,Stuttgart,8.0,59.0,27.0,14.0,9.3,9.3,15.2
Can Uzun,Eint Frankfurt,4.0,26.0,11.0,16.7,2.7,2.7,7.0
Jamie Vardy,Leicester City,7.0,49.0,20.0,11.8,9.4,8.6,27.6
Ruben Vargas,Sevilla,2.0,17.0,5.0,13.8,2.0,2.0,7.5
Ruben Vargas,Augsburg,0.0,9.0,1.0,16.7,0.7,0.7,3.4
Robinio Vaz,Marseille,0.0,2.0,0.0,9.7,0.5,0.5,0.8
Alejo Véliz,Espanyol,1.0,15.0,5.0,11.4,1.8,1.8,11.0
Lorenzo Venturino,Genoa,0.0,2.0,1.0,14.7,0.3,0.3,1.0
Simone Verdi,Como,0.0,2.0,2.0,26.3,0.1,0.1,1.3
Yorbe Vertessen,Union Berlin,1.0,27.0,5.0,20.5,1.3,1.3,8.0
Carlos Vicente,Alavés,4.0,30.0,12.0,17.5,2.5,2.5,29.4
Pau Victor Delgado,Barcelona,2.0,12.0,6.0,15.8,2.8,2.8,2.7
Asier Villalibre,Alavés,1.0,7.0,1.0,14.2,1.6,0.8,3.5
Carlos Vinícius,Fulham,0.0,1.0,1.0,17.4,0.0,0.0,0.1
Nicolas Viola,Cagliari,3.0,29.0,9.0,20.3,2.1,2.1,12.7
Vitinha,Genoa,0.0,27.0,3.0,20.6,1.1,1.1,11.9
Dušan Vlahović,Juventus,9.0,71.0,24.0,16.0,12.0,8.9,19.4
Vanja Vlahović,Atalanta,0.0,1.0,1.0,14.2,0.2,0.2,0.7
Nikola Vlašić,Torino,4.0,23.0,9.0,21.5,2.2,1.4,19.4
Kevin Volland,Union Berlin,0.0,0.0,0.0,,0.0,0.0,0.6
Ibrahima Wadji,Saint-Étienne,0.0,5.0,0.0,14.9,0.3,0.3,1.6
Elye Wahi,Marseille,3.0,16.0,9.0,12.1,6.0,5.2,6.4
Elye Wahi,Eint Frankfurt,0.0,9.0,2.0,17.8,1.3,1.3,2.0
Paul Wanner,Heidenheim,3.0,23.0,5.0,18.1,3.5,2.7,17.7
Ollie Watkins,Aston Villa,15.0,76.0,32.0,12.2,14.5,13.0,25.1
Timothy Weah,Juventus,5.0,21.0,9.0,20.3,3.4,3.4,15.6
Nelson Weiper,Mainz 05,3.0,20.0,11.0,12.8,3.7,3.7,7.5
Noah Weißhaupt,St. Pauli,1.0,15.0,3.0,16.7,1.7,1.7,10.9
Noah Weißhaupt,Freiburg,0.0,1.0,0.0,8.1,0.0,0.0,0.9
Danny Welbeck,Brighton,9.0,52.0,20.0,15.1,8.0,8.0,19.6
Timo Werner,Tottenham,0.0,8.0,3.0,18.2,1.0,1.0,5.7
Iñaki Williams,Athletic Club,6.0,63.0,24.0,16.4,7.6,7.6,28.4
Nico Williams,Athletic Club,5.0,52.0,19.0,17.7,3.9,3.9,21.3
Willian,Fulham,0.0,3.0,0.0,22.9,0.1,0.1,1.8
Joe Willock,Newcastle Utd,0.0,14.0,3.0,16.4,1.2,1.2,9.9
Callum Wilson,Newcastle Utd,0.0,5.0,0.0,15.0,0.3,0.3,2.8
Harry Wilson,Fulham,5.0,28.0,9.0,17.2,3.2,3.2,9.5
Patrick Wimmer,Wolfsburg,3.0,34.0,8.0,17.2,3.4,3.4,16.6
Jonas Wind,Wolfsburg,8.0,33.0,9.0,13.9,5.2,3.4,19.8
Ben Winterburn,Bournemouth,0.0,0.0,0.0,,0.0,0.0,0.3
Florian Wirtz,Leverkusen,9.0,62.0,28.0,19.6,8.5,5.2,22.2
Yoane Wissa,Brentford,16.0,74.0,34.0,13.7,14.9,14.9,27.4
Dani de Wit,Bochum,2.0,18.0,5.0,11.8,1.8,1.8,11.8
Nick Woltemade,Stuttgart,9.0,32.0,17.0,12.3,7.6,6.0,14.7
Jeong Woo-yeong,Union Berlin,3.0,25.0,6.0,18.5,2.8,2.8,14.0
Chris Wood,Nott'ham Forest,19.0,51.0,30.0,14.5,11.1,8.8,27.9
Lamine Yamal,Barcelona,6.0,114.0,34.0,19.1,8.4,8.4,27.1
Daniel Yáñez,Real Madrid,0.0,0.0,0.0,,0.0,0.0,0.0
Erencan Yardimci,Hoffenheim,0.0,6.0,1.0,9.3,1.0,1.0,3.5
John Yeboah,Venezia,1.0,22.0,9.0,16.7,2.2,2.2,9.2
Bertuğ Yıldırım,Getafe,1.0,18.0,7.0,11.9,2.4,2.4,10.8
Kenan Yıldız,Juventus,6.0,54.0,19.0,17.3,4.1,4.1,24.2
Ashley Young,Everton,1.0,6.0,3.0,24.5,0.3,0.3,17.6
Mattia Zaccagni,Lazio,8.0,45.0,14.0,17.4,6.4,4.8,26.5
Wilfried Zaha,Lyon,0.0,1.0,1.0,17.2,0.1,0.1,0.8
Arsen Zakharyan,Real Sociedad,1.0,4.0,2.0,22.7,0.2,0.2,0.8
Nicola Zalewski,Roma,0.0,5.0,0.0,21.4,0.3,0.3,5.9
Nicolò Zaniolo,Fiorentina,0.0,8.0,4.0,19.6,0.6,0.6,2.9
Nicolò Zaniolo,Atalanta,2.0,11.0,4.0,15.1,0.9,0.9,4.0
Alessandro Zanoli,Genoa,1.0,11.0,3.0,20.8,0.4,0.4,18.0
Duván Zapata,Torino,3.0,21.0,8.0,11.6,3.4,3.4,6.5
Bryan Zaragoza,Osasuna,1.0,33.0,11.0,20.1,2.2,2.2,16.4
Anass Zaroury,Lens,0.0,27.0,9.0,21.0,1.5,1.5,13.2
Alessio Zerbin,Napoli,0.0,0.0,0.0,,0.0,0.0,0.0
Edon Zhegrova,Lille,4.0,23.0,9.0,22.2,2.3,2.3,10.9
Joshua Zirkzee,Manchester Utd,3.0,28.0,11.0,13.1,4.8,4.8,15.6
Budu Zivzivadze,Heidenheim,2.0,18.0,7.0,13.8,1.3,1.3,9.9
Nadir Zortea,Cagliari,5.0,29.0,9.0,18.6,2.6,2.6,25.8
Yanis Zouaoui,Le Havre,0.0,5.0,2.0,28.6,0.1,0.1,10.5
Milan Đurić,Monza,4.0,23.0,10.0,11.7,2.9,2.9,14.1
Milan Đurić,Parma,0.0,4.0,0.0,12.6,0.2,0.2,2.2
